Date;Agent ID;Agent Type;SOC [rel];T ind. [CḞ];Energy Exchange Self-Supply [kWh];Energy Exchange LEC [kWh];Energy Exchange Retailer [kWh];Revenue Energy LEC [];Revenue Energy Retailer [];Fees and Levies LEC [];Fees and Levies Retailer []
01.01.2021 00:00;21;inflexible;None;None;0.0;0.0;0.0;0.0;0.0;0.0;0.0
01.01.2021 00:00;28;BESS;0.55;None;-1.4295;-9.8357;-0.0;-0.5987;-0.0;0.0;-0.0
01.01.2021 00:00;13;inflexible;None;None;1.4295;0.0;-0.0;0.0;-0.0;0.0;-0.0
01.01.2021 00:15;21;inflexible;None;None;0.0;0.0;0.0;0.0;0.0;0.0;0.0
01.01.2021 00:15;28;BESS;0.4691602005730224;None;-1.4139;-12.1445;-0.0;-0.7392;-0.0;0.0;-0.0
01.01.2021 00:15;13;inflexible;None;None;1.4139;0.0;-0.0;0.0;-0.0;0.0;-0.0
01.01.2021 00:30;21;inflexible;None;None;0.0;0.0;0.0;0.0;0.0;0.0;0.0
01.01.2021 00:30;28;BESS;0.37186686304011013;None;-1.8591;-8.2091;-0.0;-0.4997;-0.0;0.0;-0.0
01.01.2021 00:30;13;inflexible;None;None;1.8591;0.0;-0.0;0.0;-0.0;0.0;-0.0
01.01.2021 00:45;21;inflexible;None;None;0.0;0.0;0.0;0.0;0.0;0.0;0.0
01.01.2021 00:45;28;BESS;0.2996184344408592;None;-1.6638;-5.2512;-0.0;-0.3196;-0.0;0.0;-0.0
01.01.2021 00:45;13;inflexible;None;None;1.6638;0.0;-0.0;0.0;-0.0;0.0;-0.0
01.01.2021 01:00;21;inflexible;None;None;0.0;0.0;0.0;0.0;0.0;0.0;0.0
01.01.2021 01:00;28;BESS;0.24999574715038594;None;0.0;0.0;0.0;0.0;0.0;0.0;0.0
01.01.2021 01:00;13;inflexible;None;None;0.0;-0.0;1.8279;-0.0;0.1064;-0.0;0.287
01.01.2021 01:15;21;inflexible;None;None;0.0;0.0;0.0;0.0;0.0;0.0;0.0
01.01.2021 01:15;28;BESS;0.24999235961186902;None;0.0;0.0;0.0;0.0;0.0;0.0;0.0
01.01.2021 01:15;13;inflexible;None;None;0.0;-0.0;1.4217;-0.0;0.0827;-0.0;0.2232
01.01.2021 01:30;21;inflexible;None;None;0.0;0.0;0.0;0.0;0.0;0.0;0.0
01.01.2021 01:30;28;BESS;0.24998897211925455;None;0.0;0.0;0.0;0.0;0.0;0.0;0.0
01.01.2021 01:30;13;inflexible;None;None;0.0;-0.0;1.3982;-0.0;0.0814;-0.0;0.2195
01.01.2021 01:45;21;inflexible;None;None;0.0;0.0;0.0;0.0;0.0;0.0;0.0
01.01.2021 01:45;28;BESS;0.24998558467254192;None;0.0;0.0;0.0;0.0;0.0;0.0;0.0
01.01.2021 01:45;13;inflexible;None;None;0.0;-0.0;1.5898;-0.0;0.0925;-0.0;0.2496
01.01.2021 02:00;21;inflexible;None;None;0.0;0.0;0.0;0.0;0.0;0.0;0.0
01.01.2021 02:00;28;BESS;0.2499821972717305;None;0.0;0.0;0.0;0.0;0.0;0.0;0.0
01.01.2021 02:00;13;inflexible;None;None;0.0;-0.0;1.5935;-0.0;0.0871;-0.0;0.2502
01.01.2021 02:15;21;inflexible;None;None;0.0;0.0;0.0;0.0;0.0;0.0;0.0
01.01.2021 02:15;28;BESS;0.24997880991681964;None;0.0;0.0;0.0;0.0;0.0;0.0;0.0
01.01.2021 02:15;13;inflexible;None;None;0.0;-0.0;1.5117;-0.0;0.0827;-0.0;0.2373
01.01.2021 02:30;21;inflexible;None;None;0.0;0.0;0.0;0.0;0.0;0.0;0.0
01.01.2021 02:30;28;BESS;0.24997542260780878;None;0.0;0.0;0.0;0.0;0.0;0.0;0.0
01.01.2021 02:30;13;inflexible;None;None;0.0;-0.0;1.5742;-0.0;0.0861;-0.0;0.2471
01.01.2021 02:45;21;inflexible;None;None;0.0;0.0;0.0;0.0;0.0;0.0;0.0
01.01.2021 02:45;28;BESS;0.24997203534469725;None;0.0;0.0;0.0;0.0;0.0;0.0;0.0
01.01.2021 02:45;13;inflexible;None;None;0.0;-0.0;1.5195;-0.0;0.0831;-0.0;0.2386
01.01.2021 03:00;21;inflexible;None;None;0.0;0.0;0.0;0.0;0.0;0.0;0.0
01.01.2021 03:00;28;BESS;0.24996864812748443;None;0.0;0.0;0.0;0.0;0.0;0.0;0.0
01.01.2021 03:00;13;inflexible;None;None;0.0;-0.0;1.4648;-0.0;0.0775;-0.0;0.23
01.01.2021 03:15;21;inflexible;None;None;0.0;0.0;0.0;0.0;0.0;0.0;0.0
01.01.2021 03:15;28;BESS;0.2499652609561697;None;0.0;0.0;0.0;0.0;0.0;0.0;0.0
01.01.2021 03:15;13;inflexible;None;None;0.0;-0.0;1.168;-0.0;0.0618;-0.0;0.1834
01.01.2021 03:30;21;inflexible;None;None;0.0;0.0;0.0;0.0;0.0;0.0;0.0
01.01.2021 03:30;28;BESS;0.24996187383075244;None;0.0;0.0;0.0;0.0;0.0;0.0;0.0
01.01.2021 03:30;13;inflexible;None;None;0.0;-0.0;1.0155;-0.0;0.0537;-0.0;0.1594
01.01.2021 03:45;21;inflexible;None;None;0.0;0.0;0.0;0.0;0.0;0.0;0.0
01.01.2021 03:45;28;BESS;0.24995848675123203;None;0.0;0.0;0.0;0.0;0.0;0.0;0.0
01.01.2021 03:45;13;inflexible;None;None;0.0;-0.0;0.9414;-0.0;0.0498;-0.0;0.1478
01.01.2021 04:00;21;inflexible;None;None;0.0;0.0;0.0;0.0;0.0;0.0;0.0
01.01.2021 04:00;28;BESS;0.24995509971760785;None;0.0;0.0;0.0;0.0;0.0;0.0;0.0
01.01.2021 04:00;13;inflexible;None;None;0.0;-0.0;0.7811;-0.0;0.0394;-0.0;0.1226
01.01.2021 04:15;21;inflexible;None;None;0.0;0.0;0.0;0.0;0.0;0.0;0.0
01.01.2021 04:15;28;BESS;0.2499517127298793;None;0.0;0.0;0.0;0.0;0.0;0.0;0.0
01.01.2021 04:15;13;inflexible;None;None;0.0;-0.0;0.8749;-0.0;0.0441;-0.0;0.1374
01.01.2021 04:30;21;inflexible;None;None;0.0;0.0;0.0;0.0;0.0;0.0;0.0
01.01.2021 04:30;28;BESS;0.2499483257880457;None;0.0;0.0;0.0;0.0;0.0;0.0;0.0
01.01.2021 04:30;13;inflexible;None;None;0.0;-0.0;0.7383;-0.0;0.0372;-0.0;0.1159
01.01.2021 04:45;21;inflexible;None;None;0.0;0.0;0.0;0.0;0.0;0.0;0.0
01.01.2021 04:45;28;BESS;0.2499449388921065;None;0.0;0.0;0.0;0.0;0.0;0.0;0.0
01.01.2021 04:45;13;inflexible;None;None;0.0;-0.0;0.7968;-0.0;0.0401;-0.0;0.1251
01.01.2021 05:00;21;inflexible;None;None;0.0;0.0;0.0;0.0;0.0;0.0;0.0
01.01.2021 05:00;28;BESS;0.24994155204206103;None;0.0;0.0;0.0;0.0;0.0;0.0;0.0
01.01.2021 05:00;13;inflexible;None;None;0.0;-0.0;0.7655;-0.0;0.0384;-0.0;0.1202
01.01.2021 05:15;21;inflexible;None;None;0.0;0.0;0.0;0.0;0.0;0.0;0.0
01.01.2021 05:15;28;BESS;0.24993816523790868;None;0.0;0.0;0.0;0.0;0.0;0.0;0.0
01.01.2021 05:15;13;inflexible;None;None;0.0;-0.0;0.8124;-0.0;0.0408;-0.0;0.1275
01.01.2021 05:30;21;inflexible;None;None;0.0;0.0;0.0;0.0;0.0;0.0;0.0
01.01.2021 05:30;28;BESS;0.24993477847964884;None;0.0;0.0;0.0;0.0;0.0;0.0;0.0
01.01.2021 05:30;13;inflexible;None;None;0.0;-0.0;0.8711;-0.0;0.0437;-0.0;0.1368
01.01.2021 05:45;21;inflexible;None;None;0.0;0.0;0.0;0.0;0.0;0.0;0.0
01.01.2021 05:45;28;BESS;0.24993139176728088;None;0.0;0.0;0.0;0.0;0.0;0.0;0.0
01.01.2021 05:45;13;inflexible;None;None;0.0;-0.0;0.789;-0.0;0.0396;-0.0;0.1239
01.01.2021 06:00;21;inflexible;None;None;0.0;0.0;0.0;0.0;0.0;0.0;0.0
01.01.2021 06:00;28;BESS;0.24992800510080415;None;0.0;0.0;0.0;0.0;0.0;0.0;0.0
01.01.2021 06:00;13;inflexible;None;None;0.0;-0.0;0.9217;-0.0;0.0457;-0.0;0.1447
01.01.2021 06:15;21;inflexible;None;None;0.0;0.0;0.0;0.0;0.0;0.0;0.0
01.01.2021 06:15;28;BESS;0.24992461848021807;None;0.0;0.0;0.0;0.0;0.0;0.0;0.0
01.01.2021 06:15;13;inflexible;None;None;0.0;-0.0;0.754;-0.0;0.0374;-0.0;0.1184
01.01.2021 06:30;21;inflexible;None;None;0.0;0.0;0.0;0.0;0.0;0.0;0.0
01.01.2021 06:30;28;BESS;0.249921231905522;None;0.0;0.0;0.0;0.0;0.0;0.0;0.0
01.01.2021 06:30;13;inflexible;None;None;0.0;-0.0;0.9805;-0.0;0.0487;-0.0;0.1539
01.01.2021 06:45;21;inflexible;None;None;0.0;0.0;0.0;0.0;0.0;0.0;0.0
01.01.2021 06:45;28;BESS;0.24991784537671533;None;0.0;0.0;0.0;0.0;0.0;0.0;0.0
01.01.2021 06:45;13;inflexible;None;None;0.0;-0.0;1.6991;-0.0;0.0843;-0.0;0.2668
01.01.2021 07:00;21;inflexible;None;None;0.0;0.0;0.0;0.0;0.0;0.0;0.0
01.01.2021 07:00;28;BESS;0.2499144588937974;None;0.0;0.0;0.0;0.0;0.0;0.0;0.0
01.01.2021 07:00;13;inflexible;None;None;0.0;-0.0;1.5232;-0.0;0.0763;-0.0;0.2391
01.01.2021 07:15;21;inflexible;None;None;0.0;0.0;0.0;0.0;0.0;0.0;0.0
01.01.2021 07:15;28;BESS;0.24991107245676764;None;0.0;0.0;0.0;0.0;0.0;0.0;0.0
01.01.2021 07:15;13;inflexible;None;None;0.0;-0.0;1.6013;-0.0;0.0802;-0.0;0.2514
01.01.2021 07:30;21;inflexible;None;None;0.0;0.0;0.0;0.0;0.0;0.0;0.0
01.01.2021 07:30;28;BESS;0.24990768606562538;None;0.0;0.0;0.0;0.0;0.0;0.0;0.0
01.01.2021 07:30;13;inflexible;None;None;0.0;-0.0;2.8787;-0.0;0.1442;-0.0;0.4519
01.01.2021 07:45;21;inflexible;None;None;-0.056;-0.0;-0.0;-0.0;-0.0;-0.0;-0.0
01.01.2021 07:45;28;BESS;0.24990429972037004;None;0.0;0.0;0.0;0.0;0.0;0.0;0.0
01.01.2021 07:45;13;inflexible;None;None;0.056;-0.0;3.1741;-0.0;0.159;-0.0;0.4983
01.01.2021 08:00;21;inflexible;None;None;-0.3886;-0.0;-0.0;-0.0;-0.0;-0.0;-0.0
01.01.2021 08:00;28;BESS;0.249900913421001;None;0.0;0.0;0.0;0.0;0.0;0.0;0.0
01.01.2021 08:00;13;inflexible;None;None;0.3886;-0.0;1.5721;-0.0;0.0806;-0.0;0.2468
01.01.2021 08:15;21;inflexible;None;None;-0.7127;-0.0;-0.0;-0.0;-0.0;-0.0;-0.0
01.01.2021 08:15;28;BESS;0.2498975271675176;None;0.0;0.0;0.0;0.0;0.0;0.0;0.0
01.01.2021 08:15;13;inflexible;None;None;0.7127;0.0231;1.2796;0.0012;0.0656;0.0018;0.2009
01.01.2021 08:30;21;inflexible;None;None;-1.0754;-0.0;-0.0;-0.0;-0.0;-0.0;-0.0
01.01.2021 08:30;28;BESS;0.24989414095991921;None;0.0;0.0;0.0;0.0;0.0;0.0;0.0
01.01.2021 08:30;13;inflexible;None;None;1.0754;0.0194;0.5066;0.001;0.026;0.0015;0.0795
01.01.2021 08:45;21;inflexible;None;None;-1.4101;-0.0658;-0.0;-0.0034;-0.0;0.0;-0.0
01.01.2021 08:45;28;BESS;0.24989075479820527;None;0.0;0.0;0.0;0.0;0.0;0.0;0.0
01.01.2021 08:45;13;inflexible;None;None;1.4101;0.0;0.0;0.0;0.0;0.0;0.0
01.01.2021 09:00;21;inflexible;None;None;-1.4081;-0.0;-0.0;-0.0;-0.0;-0.0;-0.0
01.01.2021 09:00;28;BESS;0.24988736868237513;None;0.0;0.0;0.0;0.0;0.0;0.0;0.0
01.01.2021 09:00;13;inflexible;None;None;1.4081;0.0183;0.2765;0.001;0.0152;0.0014;0.0434
01.01.2021 09:15;21;inflexible;None;None;-1.5935;-0.175;-0.0;-0.0096;-0.0;0.0;0.0
01.01.2021 09:15;28;BESS;0.24988398261242814;None;0.0;0.0;0.0;0.0;0.0;0.0;0.0
01.01.2021 09:15;13;inflexible;None;None;1.5935;0.0;0.0;0.0;0.0;0.0;0.0
01.01.2021 09:30;21;inflexible;None;None;-2.0746;-0.0;-0.0;-0.0;-0.0;-0.0;-0.0
01.01.2021 09:30;28;BESS;0.2498805965883637;None;0.0;0.0;0.0;0.0;0.0;0.0;0.0
01.01.2021 09:30;13;inflexible;None;None;2.0746;0.0092;0.0606;0.0005;0.0033;0.0007;0.0095
01.01.2021 09:45;21;inflexible;None;None;-2.0272;-0.3597;-0.0;-0.0197;-0.0;0.0;0.0
01.01.2021 09:45;28;BESS;0.2498772106101812;None;0.0;0.0;0.0;0.0;0.0;0.0;0.0
01.01.2021 09:45;13;inflexible;None;None;2.0272;0.0;0.0;0.0;0.0;0.0;0.0
01.01.2021 10:00;21;inflexible;None;None;-2.1403;-0.5242;-0.0;-0.0288;-0.0;0.0;-0.0
01.01.2021 10:00;28;BESS;0.24987382467788;None;0.0;0.0;0.0;0.0;0.0;0.0;0.0
01.01.2021 10:00;13;inflexible;None;None;2.1403;0.0;0.0;0.0;0.0;0.0;0.0
01.01.2021 10:15;21;inflexible;None;None;-2.7027;-0.2744;-0.0;-0.0151;-0.0;0.0;-0.0
01.01.2021 10:15;28;BESS;0.24987043879145948;None;0.0;0.0;0.0;0.0;0.0;0.0;0.0
01.01.2021 10:15;13;inflexible;None;None;2.7027;0.0;0.0;0.0;0.0;0.0;0.0
01.01.2021 10:30;21;inflexible;None;None;-2.3825;-0.6799;-0.0;-0.0374;-0.0;0.0;-0.0
01.01.2021 10:30;28;BESS;0.24986705295091902;None;0.0;0.0;0.0;0.0;0.0;0.0;0.0
01.01.2021 10:30;13;inflexible;None;None;2.3825;0.0;0.0;0.0;0.0;0.0;0.0
01.01.2021 10:45;21;inflexible;None;None;-2.484;-0.9766;-0.0;-0.0537;-0.0;0.0;-0.0
01.01.2021 10:45;28;BESS;0.24986366715625802;None;0.0;0.0;0.0;0.0;0.0;0.0;0.0
01.01.2021 10:45;13;inflexible;None;None;2.484;0.0;0.0;0.0;0.0;0.0;0.0
01.01.2021 11:00;21;inflexible;None;None;-2.5778;-1.0941;-0.0;-0.0626;-0.0;0.0;-0.0
01.01.2021 11:00;28;BESS;0.24986028140747582;None;0.0;0.0;0.0;0.0;0.0;0.0;0.0
01.01.2021 11:00;13;inflexible;None;None;2.5778;0.0;0.0;0.0;0.0;0.0;0.0
01.01.2021 11:15;21;inflexible;None;None;-2.3631;-1.1201;-0.0;-0.0641;-0.0;0.0;0.0
01.01.2021 11:15;28;BESS;0.24985689570457184;None;0.0;0.0;0.0;0.0;0.0;0.0;0.0
01.01.2021 11:15;13;inflexible;None;None;2.3631;0.0;0.0;0.0;0.0;0.0;0.0
01.01.2021 11:30;21;inflexible;None;None;-2.9333;-0.6816;-0.0;-0.039;-0.0;0.0;-0.0
01.01.2021 11:30;28;BESS;0.2498535100475454;None;0.0;0.0;0.0;0.0;0.0;0.0;0.0
01.01.2021 11:30;13;inflexible;None;None;2.9333;0.0;-0.0;0.0;-0.0;0.0;-0.0
01.01.2021 11:45;21;inflexible;None;None;-2.6756;-1.174;-0.0;-0.0672;-0.0;0.0;-0.0
01.01.2021 11:45;28;BESS;0.24985012443639595;None;0.0;0.0;0.0;0.0;0.0;0.0;0.0
01.01.2021 11:45;13;inflexible;None;None;2.6756;0.0;0.0;0.0;0.0;0.0;0.0
01.01.2021 12:00;21;inflexible;None;None;-2.8902;-0.8051;-0.0;-0.0489;-0.0;0.0;0.0
01.01.2021 12:00;28;BESS;0.24984673887112283;None;0.0;0.0;0.0;0.0;0.0;0.0;0.0
01.01.2021 12:00;13;inflexible;None;None;2.8902;0.0;0.0;0.0;0.0;0.0;0.0
01.01.2021 12:15;21;inflexible;None;None;-2.8787;-0.4133;-0.0;-0.0251;-0.0;0.0;-0.0
01.01.2021 12:15;28;BESS;0.24984335335172542;None;0.0;0.0;0.0;0.0;0.0;0.0;0.0
01.01.2021 12:15;13;inflexible;None;None;2.8787;0.0;0.0;0.0;0.0;0.0;0.0
01.01.2021 12:30;21;inflexible;None;None;-2.6975;-0.0;-0.0;-0.0;-0.0;-0.0;-0.0
01.01.2021 12:30;28;BESS;0.2498399678782031;None;0.0;0.0;0.0;0.0;0.0;0.0;0.0
01.01.2021 12:30;13;inflexible;None;None;2.6975;0.2186;1.5364;0.0133;0.0934;0.0172;0.2412
01.01.2021 12:45;21;inflexible;None;None;-2.6966;-0.0;-0.0;-0.0;-0.0;-0.0;-0.0
01.01.2021 12:45;28;BESS;0.24983658245055523;None;0.0;0.0;0.0;0.0;0.0;0.0;0.0
01.01.2021 12:45;13;inflexible;None;None;2.6966;0.3691;0.8478;0.0224;0.0515;0.029;0.1331
01.01.2021 13:00;21;inflexible;None;None;-2.5519;-0.0;-0.0;-0.0;-0.0;-0.0;-0.0
01.01.2021 13:00;28;BESS;0.2498331970687812;None;0.0;0.0;0.0;0.0;0.0;0.0;0.0
01.01.2021 13:00;13;inflexible;None;None;2.5519;0.3535;0.1529;0.0196;0.0085;0.0278;0.024
01.01.2021 13:15;21;inflexible;None;None;-2.2731;-0.075;-0.0;-0.0042;-0.0;0.0;-0.0
01.01.2021 13:15;28;BESS;0.2498298117328804;None;0.0;0.0;0.0;0.0;0.0;0.0;0.0
01.01.2021 13:15;13;inflexible;None;None;2.2731;0.0;0.0;0.0;0.0;0.0;0.0
01.01.2021 13:30;21;inflexible;None;None;-2.2303;-0.2838;-0.0;-0.0158;-0.0;0.0;-0.0
01.01.2021 13:30;28;BESS;0.24982642644285222;None;0.0;0.0;0.0;0.0;0.0;0.0;0.0
01.01.2021 13:30;13;inflexible;None;None;2.2303;0.0;0.0;0.0;0.0;0.0;0.0
01.01.2021 13:45;21;inflexible;None;None;-1.8747;-0.0355;-0.0;-0.002;-0.0;0.0;-0.0
01.01.2021 13:45;28;BESS;0.24982304119869603;None;0.0;0.0;0.0;0.0;0.0;0.0;0.0
01.01.2021 13:45;13;inflexible;None;None;1.8747;0.0;0.0;0.0;0.0;0.0;0.0
01.01.2021 14:00;21;inflexible;None;None;-1.4686;-0.0;-0.0;-0.0;-0.0;-0.0;-0.0
01.01.2021 14:00;28;BESS;0.24981965600041117;None;0.0;0.0;0.0;0.0;0.0;0.0;0.0
01.01.2021 14:00;13;inflexible;None;None;1.4686;0.5077;0.0;0.0263;0.0;0.0399;0.0
01.01.2021 14:15;21;inflexible;None;None;-1.5033;-0.0;-0.0;-0.0;-0.0;-0.0;-0.0
01.01.2021 14:15;28;BESS;0.24981627084799707;None;0.0;0.0;0.0;0.0;0.0;0.0;0.0
01.01.2021 14:15;13;inflexible;None;None;1.5033;0.2157;0.3588;0.0118;0.0196;0.0169;0.0563
01.01.2021 14:30;21;inflexible;None;None;-1.3908;-0.0;-0.0;-0.0;-0.0;-0.0;-0.0
01.01.2021 14:30;28;BESS;0.24981288574145308;None;0.0;0.0;0.0;0.0;0.0;0.0;0.0
01.01.2021 14:30;13;inflexible;None;None;1.3908;0.0384;0.3284;0.0021;0.018;0.003;0.0516
01.01.2021 14:45;21;inflexible;None;None;-1.2507;-0.0;-0.0;-0.0;-0.0;-0.0;-0.0
01.01.2021 14:45;28;BESS;0.2498095006807786;None;0.0;0.0;0.0;0.0;0.0;0.0;0.0
01.01.2021 14:45;13;inflexible;None;None;1.2507;0.0347;0.3825;0.0019;0.0209;0.0027;0.0601
01.01.2021 15:00;21;inflexible;None;None;-1.3826;-0.0;-0.0;-0.0;-0.0;-0.0;-0.0
01.01.2021 15:00;28;BESS;0.24980611566597297;None;0.0;0.0;0.0;0.0;0.0;0.0;0.0
01.01.2021 15:00;13;inflexible;None;None;1.3826;0.0423;0.8055;0.0024;0.0456;0.0033;0.1265
01.01.2021 15:15;21;inflexible;None;None;-0.7486;-0.0;-0.0;-0.0;-0.0;-0.0;-0.0
01.01.2021 15:15;28;BESS;0.2498027306970356;None;0.0;0.0;0.0;0.0;0.0;0.0;0.0
01.01.2021 15:15;13;inflexible;None;None;0.7486;-0.0;1.552;-0.0;0.0878;-0.0;0.2437
01.01.2021 15:30;21;inflexible;None;None;-0.1668;-0.0;-0.0;-0.0;-0.0;-0.0;-0.0
01.01.2021 15:30;28;BESS;0.24979934577396587;None;0.0;0.0;0.0;0.0;0.0;0.0;0.0
01.01.2021 15:30;13;inflexible;None;None;0.1668;-0.0;1.6886;-0.0;0.0956;-0.0;0.2651
01.01.2021 15:45;21;inflexible;None;None;0.0;0.0;0.0;0.0;0.0;0.0;0.0
01.01.2021 15:45;28;BESS;0.24979596089676315;None;0.0;0.0;0.0;0.0;0.0;0.0;0.0
01.01.2021 15:45;13;inflexible;None;None;0.0;-0.0;2.1013;-0.0;0.1189;-0.0;0.3299
01.01.2021 16:00;21;inflexible;None;None;0.0;0.0;0.0;0.0;0.0;0.0;0.0
01.01.2021 16:00;28;BESS;0.24979257606542682;None;0.0;0.0;0.0;0.0;0.0;0.0;0.0
01.01.2021 16:00;13;inflexible;None;None;0.0;-0.0;2.16;-0.0;0.1361;-0.0;0.3391
01.01.2021 16:15;21;inflexible;None;None;0.0;0.0;0.0;0.0;0.0;0.0;0.0
01.01.2021 16:15;28;BESS;0.24978919127995625;None;0.0;0.0;0.0;0.0;0.0;0.0;0.0
01.01.2021 16:15;13;inflexible;None;None;0.0;-0.0;1.6679;-0.0;0.1051;-0.0;0.2619
01.01.2021 16:30;21;inflexible;None;None;0.0;0.0;0.0;0.0;0.0;0.0;0.0
01.01.2021 16:30;28;BESS;0.24978580654035082;None;0.0;0.0;0.0;0.0;0.0;0.0;0.0
01.01.2021 16:30;13;inflexible;None;None;0.0;-0.0;1.5467;-0.0;0.0974;-0.0;0.2428
01.01.2021 16:45;21;inflexible;None;None;0.0;0.0;0.0;0.0;0.0;0.0;0.0
01.01.2021 16:45;28;BESS;0.24978242184660993;None;0.0;0.0;0.0;0.0;0.0;0.0;0.0
01.01.2021 16:45;13;inflexible;None;None;0.0;-0.0;1.8669;-0.0;0.1176;-0.0;0.2931
01.01.2021 17:00;21;inflexible;None;None;0.0;0.0;0.0;0.0;0.0;0.0;0.0
01.01.2021 17:00;28;BESS;0.24977903719873293;None;0.0;0.0;0.0;0.0;0.0;0.0;0.0
01.01.2021 17:00;13;inflexible;None;None;0.0;-0.0;1.9997;-0.0;0.1405;-0.0;0.314
01.01.2021 17:15;21;inflexible;None;None;0.0;0.0;0.0;0.0;0.0;0.0;0.0
01.01.2021 17:15;28;BESS;0.24977565259671922;None;0.0;0.0;0.0;0.0;0.0;0.0;0.0
01.01.2021 17:15;13;inflexible;None;None;0.0;-0.0;2.0388;-0.0;0.1432;-0.0;0.3201
01.01.2021 17:30;21;inflexible;None;None;0.0;0.0;0.0;0.0;0.0;0.0;0.0
01.01.2021 17:30;28;BESS;0.24977226804056815;None;0.0;0.0;0.0;0.0;0.0;0.0;0.0
01.01.2021 17:30;13;inflexible;None;None;0.0;-0.0;2.5271;-0.0;0.1776;-0.0;0.3968
01.01.2021 17:45;21;inflexible;None;None;0.0;0.0;0.0;0.0;0.0;0.0;0.0
01.01.2021 17:45;28;BESS;0.24976888353027912;None;0.0;0.0;0.0;0.0;0.0;0.0;0.0
01.01.2021 17:45;13;inflexible;None;None;0.0;-0.0;2.9605;-0.0;0.208;-0.0;0.4648
01.01.2021 18:00;21;inflexible;None;None;0.0;0.0;0.0;0.0;0.0;0.0;0.0
01.01.2021 18:00;28;BESS;0.24976549906585152;None;0.0;0.0;0.0;0.0;0.0;0.0;0.0
01.01.2021 18:00;13;inflexible;None;None;0.0;-0.0;2.9371;-0.0;0.2074;-0.0;0.4611
01.01.2021 18:15;21;inflexible;None;None;0.0;0.0;0.0;0.0;0.0;0.0;0.0
01.01.2021 18:15;28;BESS;0.2497621146472847;None;0.0;0.0;0.0;0.0;0.0;0.0;0.0
01.01.2021 18:15;13;inflexible;None;None;0.0;-0.0;2.699;-0.0;0.1906;-0.0;0.4237
01.01.2021 18:30;21;inflexible;None;None;0.0;0.0;0.0;0.0;0.0;0.0;0.0
01.01.2021 18:30;28;BESS;0.24975873027457807;None;0.0;0.0;0.0;0.0;0.0;0.0;0.0
01.01.2021 18:30;13;inflexible;None;None;0.0;-0.0;2.535;-0.0;0.179;-0.0;0.398
01.01.2021 18:45;21;inflexible;None;None;0.0;0.0;0.0;0.0;0.0;0.0;0.0
01.01.2021 18:45;28;BESS;0.24975534594773097;None;0.0;0.0;0.0;0.0;0.0;0.0;0.0
01.01.2021 18:45;13;inflexible;None;None;0.0;-0.0;3.0036;-0.0;0.2121;-0.0;0.4716
01.01.2021 19:00;21;inflexible;None;None;0.0;0.0;0.0;0.0;0.0;0.0;0.0
01.01.2021 19:00;28;BESS;0.24975196166674282;None;0.0;0.0;0.0;0.0;0.0;0.0;0.0
01.01.2021 19:00;13;inflexible;None;None;0.0;-0.0;2.9137;-0.0;0.205;-0.0;0.4574
01.01.2021 19:15;21;inflexible;None;None;0.0;0.0;0.0;0.0;0.0;0.0;0.0
01.01.2021 19:15;28;BESS;0.24974857743161297;None;0.0;0.0;0.0;0.0;0.0;0.0;0.0
01.01.2021 19:15;13;inflexible;None;None;0.0;-0.0;2.6287;-0.0;0.185;-0.0;0.4127
01.01.2021 19:30;21;inflexible;None;None;0.0;0.0;0.0;0.0;0.0;0.0;0.0
01.01.2021 19:30;28;BESS;0.24974519324234082;None;0.0;0.0;0.0;0.0;0.0;0.0;0.0
01.01.2021 19:30;13;inflexible;None;None;0.0;-0.0;2.6403;-0.0;0.1858;-0.0;0.4145
01.01.2021 19:45;21;inflexible;None;None;0.0;0.0;0.0;0.0;0.0;0.0;0.0
01.01.2021 19:45;28;BESS;0.2497418090989257;None;0.0;0.0;0.0;0.0;0.0;0.0;0.0
01.01.2021 19:45;13;inflexible;None;None;0.0;-0.0;2.4334;-0.0;0.1712;-0.0;0.382
01.01.2021 20:00;21;inflexible;None;None;0.0;0.0;0.0;0.0;0.0;0.0;0.0
01.01.2021 20:00;28;BESS;0.24973842500136706;None;0.0;0.0;0.0;0.0;0.0;0.0;0.0
01.01.2021 20:00;13;inflexible;None;None;0.0;-0.0;2.3865;-0.0;0.1609;-0.0;0.3747
01.01.2021 20:15;21;inflexible;None;None;0.0;0.0;0.0;0.0;0.0;0.0;0.0
01.01.2021 20:15;28;BESS;0.24973504094966423;None;0.0;0.0;0.0;0.0;0.0;0.0;0.0
01.01.2021 20:15;13;inflexible;None;None;0.0;-0.0;2.6131;-0.0;0.1761;-0.0;0.4103
01.01.2021 20:30;21;inflexible;None;None;0.0;0.0;0.0;0.0;0.0;0.0;0.0
01.01.2021 20:30;28;BESS;0.2497316569438166;None;0.0;0.0;0.0;0.0;0.0;0.0;0.0
01.01.2021 20:30;13;inflexible;None;None;0.0;-0.0;2.2731;-0.0;0.1532;-0.0;0.3569
01.01.2021 20:45;21;inflexible;None;None;0.0;0.0;0.0;0.0;0.0;0.0;0.0
01.01.2021 20:45;28;BESS;0.24972827298382355;None;0.0;0.0;0.0;0.0;0.0;0.0;0.0
01.01.2021 20:45;13;inflexible;None;None;0.0;-0.0;2.6559;-0.0;0.179;-0.0;0.417
01.01.2021 21:00;21;inflexible;None;None;0.0;0.0;0.0;0.0;0.0;0.0;0.0
01.01.2021 21:00;28;BESS;0.24972488906968446;None;0.0;0.0;0.0;0.0;0.0;0.0;0.0
01.01.2021 21:00;13;inflexible;None;None;0.0;-0.0;1.9372;-0.0;0.1237;-0.0;0.3041
01.01.2021 21:15;21;inflexible;None;None;0.0;0.0;0.0;0.0;0.0;0.0;0.0
01.01.2021 21:15;28;BESS;0.2497215052013987;None;0.0;0.0;0.0;0.0;0.0;0.0;0.0
01.01.2021 21:15;13;inflexible;None;None;0.0;-0.0;1.996;-0.0;0.1275;-0.0;0.3134
01.01.2021 21:30;21;inflexible;None;None;0.0;0.0;0.0;0.0;0.0;0.0;0.0
01.01.2021 21:30;28;BESS;0.24971812137896568;None;0.0;0.0;0.0;0.0;0.0;0.0;0.0
01.01.2021 21:30;13;inflexible;None;None;0.0;-0.0;1.91;-0.0;0.122;-0.0;0.2999
01.01.2021 21:45;21;inflexible;None;None;0.0;0.0;0.0;0.0;0.0;0.0;0.0
01.01.2021 21:45;28;BESS;0.24971473760238475;None;0.0;0.0;0.0;0.0;0.0;0.0;0.0
01.01.2021 21:45;13;inflexible;None;None;0.0;-0.0;2.1872;-0.0;0.1397;-0.0;0.3434
01.01.2021 22:00;21;inflexible;None;None;0.0;0.0;0.0;0.0;0.0;0.0;0.0
01.01.2021 22:00;28;BESS;0.24971135387165527;None;0.0;0.0;0.0;0.0;0.0;0.0;0.0
01.01.2021 22:00;13;inflexible;None;None;0.0;-0.0;2.2616;-0.0;0.1435;-0.0;0.3551
01.01.2021 22:15;21;inflexible;None;None;0.0;0.0;0.0;0.0;0.0;0.0;0.0
01.01.2021 22:15;28;BESS;0.24970797018677665;None;0.0;0.0;0.0;0.0;0.0;0.0;0.0
01.01.2021 22:15;13;inflexible;None;None;0.0;-0.0;1.8357;-0.0;0.1165;-0.0;0.2882
01.01.2021 22:30;21;inflexible;None;None;0.0;0.0;0.0;0.0;0.0;0.0;0.0
01.01.2021 22:30;28;BESS;0.24970458654774827;None;0.0;0.0;0.0;0.0;0.0;0.0;0.0
01.01.2021 22:30;13;inflexible;None;None;0.0;-0.0;1.8007;-0.0;0.1143;-0.0;0.2827
01.01.2021 22:45;21;inflexible;None;None;0.0;0.0;0.0;0.0;0.0;0.0;0.0
01.01.2021 22:45;28;BESS;0.2497012029545695;None;0.0;0.0;0.0;0.0;0.0;0.0;0.0
01.01.2021 22:45;13;inflexible;None;None;0.0;-0.0;1.4101;-0.0;0.0895;-0.0;0.2214
01.01.2021 23:00;21;inflexible;None;None;0.0;0.0;0.0;0.0;0.0;0.0;0.0
01.01.2021 23:00;28;BESS;0.2496978194072397;None;0.0;0.0;0.0;0.0;0.0;0.0;0.0
01.01.2021 23:00;13;inflexible;None;None;0.0;-0.0;1.3514;-0.0;0.0807;-0.0;0.2122
01.01.2021 23:15;21;inflexible;None;None;0.0;0.0;0.0;0.0;0.0;0.0;0.0
01.01.2021 23:15;28;BESS;0.2496944359057583;None;0.0;0.0;0.0;0.0;0.0;0.0;0.0
01.01.2021 23:15;13;inflexible;None;None;0.0;-0.0;1.3242;-0.0;0.0791;-0.0;0.2079
01.01.2021 23:30;21;inflexible;None;None;0.0;0.0;0.0;0.0;0.0;0.0;0.0
01.01.2021 23:30;28;BESS;0.24969105245012463;None;0.0;0.0;0.0;0.0;0.0;0.0;0.0
01.01.2021 23:30;13;inflexible;None;None;0.0;-0.0;1.2108;-0.0;0.0723;-0.0;0.1901
01.01.2021 23:45;21;inflexible;None;None;0.0;0.0;0.0;0.0;0.0;0.0;0.0
01.01.2021 23:45;28;BESS;0.2496876690403381;None;0.0;0.0;0.0;0.0;0.0;0.0;0.0
01.01.2021 23:45;13;inflexible;None;None;0.0;-0.0;1.2773;-0.0;0.0763;-0.0;0.2005
02.01.2021 00:00;21;inflexible;None;None;0.0;0.0;0.0;0.0;0.0;0.0;0.0
02.01.2021 00:00;28;BESS;0.24968428567639805;None;0.0;0.0;0.0;0.0;0.0;0.0;0.0
02.01.2021 00:00;13;inflexible;None;None;0.0;-0.0;1.1951;-0.0;0.0678;-0.0;0.1876
02.01.2021 00:15;21;inflexible;None;None;0.0;0.0;0.0;0.0;0.0;0.0;0.0
02.01.2021 00:15;28;BESS;0.2496809023583039;None;0.0;0.0;0.0;0.0;0.0;0.0;0.0
02.01.2021 00:15;13;inflexible;None;None;0.0;-0.0;1.0039;-0.0;0.0569;-0.0;0.1576
02.01.2021 00:30;21;inflexible;None;None;0.0;0.0;0.0;0.0;0.0;0.0;0.0
02.01.2021 00:30;28;BESS;0.249677519086055;None;0.0;0.0;0.0;0.0;0.0;0.0;0.0
02.01.2021 00:30;13;inflexible;None;None;0.0;-0.0;1.1327;-0.0;0.0642;-0.0;0.1778
02.01.2021 00:45;21;inflexible;None;None;0.0;0.0;0.0;0.0;0.0;0.0;0.0
02.01.2021 00:45;28;BESS;0.24967413585965076;None;0.0;0.0;0.0;0.0;0.0;0.0;0.0
02.01.2021 00:45;13;inflexible;None;None;0.0;-0.0;1.0155;-0.0;0.0576;-0.0;0.1594
02.01.2021 01:00;21;inflexible;None;None;0.0;0.0;0.0;0.0;0.0;0.0;0.0
02.01.2021 01:00;28;BESS;0.24967075267909053;None;0.0;0.0;0.0;0.0;0.0;0.0;0.0
02.01.2021 01:00;13;inflexible;None;None;0.0;-0.0;0.9102;-0.0;0.0477;-0.0;0.1429
02.01.2021 01:15;21;inflexible;None;None;0.0;0.0;0.0;0.0;0.0;0.0;0.0
02.01.2021 01:15;28;BESS;0.24966736954437369;None;0.0;0.0;0.0;0.0;0.0;0.0;0.0
02.01.2021 01:15;13;inflexible;None;None;0.0;-0.0;0.918;-0.0;0.0481;-0.0;0.1441
02.01.2021 01:30;21;inflexible;None;None;0.0;0.0;0.0;0.0;0.0;0.0;0.0
02.01.2021 01:30;28;BESS;0.24966398645549961;None;0.0;0.0;0.0;0.0;0.0;0.0;0.0
02.01.2021 01:30;13;inflexible;None;None;0.0;-0.0;0.9296;-0.0;0.0487;-0.0;0.1459
02.01.2021 01:45;21;inflexible;None;None;0.0;0.0;0.0;0.0;0.0;0.0;0.0
02.01.2021 01:45;28;BESS;0.2496606034124677;None;0.0;0.0;0.0;0.0;0.0;0.0;0.0
02.01.2021 01:45;13;inflexible;None;None;0.0;-0.0;0.6837;-0.0;0.0358;-0.0;0.1073
02.01.2021 02:00;21;inflexible;None;None;0.0;0.0;0.0;0.0;0.0;0.0;0.0
02.01.2021 02:00;28;BESS;0.24965722041527733;None;0.0;0.0;0.0;0.0;0.0;0.0;0.0
02.01.2021 02:00;13;inflexible;None;None;0.0;-0.0;0.8046;-0.0;0.0411;-0.0;0.1263
02.01.2021 02:15;21;inflexible;None;None;0.0;0.0;0.0;0.0;0.0;0.0;0.0
02.01.2021 02:15;28;BESS;0.24965383746392786;None;0.0;0.0;0.0;0.0;0.0;0.0;0.0
02.01.2021 02:15;13;inflexible;None;None;0.0;-0.0;0.9024;-0.0;0.0461;-0.0;0.1417
02.01.2021 02:30;21;inflexible;None;None;0.0;0.0;0.0;0.0;0.0;0.0;0.0
02.01.2021 02:30;28;BESS;0.2496504545584187;None;0.0;0.0;0.0;0.0;0.0;0.0;0.0
02.01.2021 02:30;13;inflexible;None;None;0.0;-0.0;0.8086;-0.0;0.0413;-0.0;0.127
02.01.2021 02:45;21;inflexible;None;None;0.0;0.0;0.0;0.0;0.0;0.0;0.0
02.01.2021 02:45;28;BESS;0.2496470716987492;None;0.0;0.0;0.0;0.0;0.0;0.0;0.0
02.01.2021 02:45;13;inflexible;None;None;0.0;-0.0;0.8086;-0.0;0.0413;-0.0;0.127
02.01.2021 03:00;21;inflexible;None;None;0.0;0.0;0.0;0.0;0.0;0.0;0.0
02.01.2021 03:00;28;BESS;0.24964368888491875;None;0.0;0.0;0.0;0.0;0.0;0.0;0.0
02.01.2021 03:00;13;inflexible;None;None;0.0;-0.0;0.8321;-0.0;0.0084;-0.0;0.1306
02.01.2021 03:15;21;inflexible;None;None;0.0;0.0;0.0;0.0;0.0;0.0;0.0
02.01.2021 03:15;28;BESS;0.24964030611692672;None;0.0;0.0;0.0;0.0;0.0;0.0;0.0
02.01.2021 03:15;13;inflexible;None;None;0.0;-0.0;0.8321;-0.0;0.0084;-0.0;0.1306
02.01.2021 03:30;21;inflexible;None;None;0.0;0.0;0.0;0.0;0.0;0.0;0.0
02.01.2021 03:30;28;BESS;0.2496369233947725;None;0.0;0.0;0.0;0.0;0.0;0.0;0.0
02.01.2021 03:30;13;inflexible;None;None;0.0;-0.0;0.7383;-0.0;0.0074;-0.0;0.1159
02.01.2021 03:45;21;inflexible;None;None;0.0;0.0;0.0;0.0;0.0;0.0;0.0
02.01.2021 03:45;28;BESS;0.24963354071845548;None;0.0;0.0;0.0;0.0;0.0;0.0;0.0
02.01.2021 03:45;13;inflexible;None;None;0.0;-0.0;0.754;-0.0;0.0076;-0.0;0.1184
02.01.2021 04:00;21;inflexible;None;None;0.0;0.0;0.0;0.0;0.0;0.0;0.0
02.01.2021 04:00;28;BESS;0.249630158087975;None;0.0;0.0;0.0;0.0;0.0;0.0;0.0
02.01.2021 04:00;13;inflexible;None;None;0.0;-0.0;0.7696;-0.0;0.0366;-0.0;0.1208
02.01.2021 04:15;21;inflexible;None;None;0.0;0.0;0.0;0.0;0.0;0.0;0.0
02.01.2021 04:15;28;BESS;0.24962677550333048;None;0.0;0.0;0.0;0.0;0.0;0.0;0.0
02.01.2021 04:15;13;inflexible;None;None;0.0;-0.0;0.6446;-0.0;0.0307;-0.0;0.1012
02.01.2021 04:30;21;inflexible;None;None;0.0;0.0;0.0;0.0;0.0;0.0;0.0
02.01.2021 04:30;28;BESS;0.2496233929645213;None;0.0;0.0;0.0;0.0;0.0;0.0;0.0
02.01.2021 04:30;13;inflexible;None;None;0.0;-0.0;0.8671;-0.0;0.0412;-0.0;0.1361
02.01.2021 04:45;21;inflexible;None;None;0.0;0.0;0.0;0.0;0.0;0.0;0.0
02.01.2021 04:45;28;BESS;0.2496200104715468;None;0.0;0.0;0.0;0.0;0.0;0.0;0.0
02.01.2021 04:45;13;inflexible;None;None;0.0;-0.0;0.6993;-0.0;0.0333;-0.0;0.1098
02.01.2021 05:00;21;inflexible;None;None;0.0;0.0;0.0;0.0;0.0;0.0;0.0
02.01.2021 05:00;28;BESS;0.2496166280244064;None;0.0;0.0;0.0;0.0;0.0;0.0;0.0
02.01.2021 05:00;13;inflexible;None;None;0.0;-0.0;0.828;-0.0;0.0406;-0.0;0.13
02.01.2021 05:15;21;inflexible;None;None;0.0;0.0;0.0;0.0;0.0;0.0;0.0
02.01.2021 05:15;28;BESS;0.24961324562309944;None;0.0;0.0;0.0;0.0;0.0;0.0;0.0
02.01.2021 05:15;13;inflexible;None;None;0.0;-0.0;0.953;-0.0;0.0467;-0.0;0.1496
02.01.2021 05:30;21;inflexible;None;None;0.0;0.0;0.0;0.0;0.0;0.0;0.0
02.01.2021 05:30;28;BESS;0.24960986326762533;None;0.0;0.0;0.0;0.0;0.0;0.0;0.0
02.01.2021 05:30;13;inflexible;None;None;0.0;-0.0;0.8827;-0.0;0.0433;-0.0;0.1386
02.01.2021 05:45;21;inflexible;None;None;0.0;0.0;0.0;0.0;0.0;0.0;0.0
02.01.2021 05:45;28;BESS;0.24960648095798343;None;0.0;0.0;0.0;0.0;0.0;0.0;0.0
02.01.2021 05:45;13;inflexible;None;None;0.0;-0.0;0.9608;-0.0;0.0471;-0.0;0.1508
02.01.2021 06:00;21;inflexible;None;None;0.0;0.0;0.0;0.0;0.0;0.0;0.0
02.01.2021 06:00;28;BESS;0.24960309869417313;None;0.0;0.0;0.0;0.0;0.0;0.0;0.0
02.01.2021 06:00;13;inflexible;None;None;0.0;-0.0;0.7696;-0.0;0.0401;-0.0;0.1208
02.01.2021 06:15;21;inflexible;None;None;0.0;0.0;0.0;0.0;0.0;0.0;0.0
02.01.2021 06:15;28;BESS;0.2495997164761938;None;0.0;0.0;0.0;0.0;0.0;0.0;0.0
02.01.2021 06:15;13;inflexible;None;None;0.0;-0.0;0.9217;-0.0;0.048;-0.0;0.1447
02.01.2021 06:30;21;inflexible;None;None;0.0;0.0;0.0;0.0;0.0;0.0;0.0
02.01.2021 06:30;28;BESS;0.24959633430404485;None;0.0;0.0;0.0;0.0;0.0;0.0;0.0
02.01.2021 06:30;13;inflexible;None;None;0.0;-0.0;0.9102;-0.0;0.0474;-0.0;0.1429
02.01.2021 06:45;21;inflexible;None;None;0.0;0.0;0.0;0.0;0.0;0.0;0.0
02.01.2021 06:45;28;BESS;0.24959295217772562;None;0.0;0.0;0.0;0.0;0.0;0.0;0.0
02.01.2021 06:45;13;inflexible;None;None;0.0;-0.0;1.8825;-0.0;0.0981;-0.0;0.2956
02.01.2021 07:00;21;inflexible;None;None;0.0;0.0;0.0;0.0;0.0;0.0;0.0
02.01.2021 07:00;28;BESS;0.2495895700972355;None;0.0;0.0;0.0;0.0;0.0;0.0;0.0
02.01.2021 07:00;13;inflexible;None;None;0.0;-0.0;1.7498;-0.0;0.0962;-0.0;0.2747
02.01.2021 07:15;21;inflexible;None;None;0.0;0.0;0.0;0.0;0.0;0.0;0.0
02.01.2021 07:15;28;BESS;0.24958618806257388;None;0.0;0.0;0.0;0.0;0.0;0.0;0.0
02.01.2021 07:15;13;inflexible;None;None;0.0;-0.0;1.621;-0.0;0.0891;-0.0;0.2545
02.01.2021 07:30;21;inflexible;None;None;0.0;0.0;0.0;0.0;0.0;0.0;0.0
02.01.2021 07:30;28;BESS;0.24958280607374012;None;0.0;0.0;0.0;0.0;0.0;0.0;0.0
02.01.2021 07:30;13;inflexible;None;None;0.0;-0.0;2.4059;-0.0;0.1322;-0.0;0.3777
02.01.2021 07:45;21;inflexible;None;None;0.0;0.0;0.0;0.0;0.0;0.0;0.0
02.01.2021 07:45;28;BESS;0.2495794241307336;None;0.0;0.0;0.0;0.0;0.0;0.0;0.0
02.01.2021 07:45;13;inflexible;None;None;0.0;-0.0;1.7888;-0.0;0.0983;-0.0;0.2808
02.01.2021 08:00;21;inflexible;None;None;0.0;0.0;0.0;0.0;0.0;0.0;0.0
02.01.2021 08:00;28;BESS;0.24957604223355373;None;0.0;0.0;0.0;0.0;0.0;0.0;0.0
02.01.2021 08:00;13;inflexible;None;None;0.0;-0.0;1.8435;-0.0;0.1078;-0.0;0.2894
02.01.2021 08:15;21;inflexible;None;None;-0.1656;-0.0;-0.0;-0.0;-0.0;-0.0;-0.0
02.01.2021 08:15;28;BESS;0.24957266038219986;None;0.0;0.0;0.0;0.0;0.0;0.0;0.0
02.01.2021 08:15;13;inflexible;None;None;0.1656;0.0062;3.4839;0.0004;0.2036;0.0005;0.547
02.01.2021 08:30;21;inflexible;None;None;-0.3861;-0.0;-0.0;-0.0;-0.0;-0.0;-0.0
02.01.2021 08:30;28;BESS;0.24956927857667136;None;0.0;0.0;0.0;0.0;0.0;0.0;0.0
02.01.2021 08:30;13;inflexible;None;None;0.3861;0.0257;2.4434;0.0015;0.1428;0.002;0.3836
02.01.2021 08:45;21;inflexible;None;None;-0.8835;-0.0;-0.0;-0.0;-0.0;-0.0;-0.0
02.01.2021 08:45;28;BESS;0.24956589681696764;None;0.0;0.0;0.0;0.0;0.0;0.0;0.0
02.01.2021 08:45;13;inflexible;None;None;0.8835;0.0439;0.9201;0.0026;0.0538;0.0034;0.1445
02.01.2021 09:00;21;inflexible;None;None;-0.8792;-0.0;-0.0;-0.0;-0.0;-0.0;-0.0
02.01.2021 09:00;28;BESS;0.24956251510308805;None;0.0;0.0;0.0;0.0;0.0;0.0;0.0
02.01.2021 09:00;13;inflexible;None;None;0.8792;0.0449;0.9781;0.0028;0.0606;0.0035;0.1536
02.01.2021 09:15;21;inflexible;None;None;-0.9648;-0.0;-0.0;-0.0;-0.0;-0.0;-0.0
02.01.2021 09:15;28;BESS;0.249559133435032;None;0.0;0.0;0.0;0.0;0.0;0.0;0.0
02.01.2021 09:15;13;inflexible;None;None;0.9648;0.0618;0.9106;0.0038;0.0565;0.0049;0.143
02.01.2021 09:30;21;inflexible;None;None;-1.1665;-0.0;-0.0;-0.0;-0.0;-0.0;-0.0
02.01.2021 09:30;28;BESS;0.24955575181279885;None;0.0;0.0;0.0;0.0;0.0;0.0;0.0
02.01.2021 09:30;13;inflexible;None;None;1.1665;0.1555;0.4825;0.0096;0.0299;0.0122;0.0757
02.01.2021 09:45;21;inflexible;None;None;-1.2536;-0.0;-0.0;-0.0;-0.0;-0.0;-0.0
02.01.2021 09:45;28;BESS;0.249552370236388;None;0.0;0.0;0.0;0.0;0.0;0.0;0.0
02.01.2021 09:45;13;inflexible;None;None;1.2536;0.1246;0.3794;0.0077;0.0235;0.0098;0.0596
02.01.2021 10:00;21;inflexible;None;None;-1.3666;-0.0;-0.0;-0.0;-0.0;-0.0;-0.0
02.01.2021 10:00;28;BESS;0.24954898870579878;None;0.0;0.0;0.0;0.0;0.0;0.0;0.0
02.01.2021 10:00;13;inflexible;None;None;1.3666;0.1706;0.529;0.0106;0.0328;0.0134;0.0831
02.01.2021 10:15;21;inflexible;None;None;-1.5878;-0.0;-0.0;-0.0;-0.0;-0.0;-0.0
02.01.2021 10:15;28;BESS;0.2495456072210306;None;0.0;0.0;0.0;0.0;0.0;0.0;0.0
02.01.2021 10:15;13;inflexible;None;None;1.5878;0.2277;1.5512;0.0141;0.0962;0.0179;0.2435
02.01.2021 10:30;21;inflexible;None;None;-1.6439;-0.0;-0.0;-0.0;-0.0;-0.0;-0.0
02.01.2021 10:30;28;BESS;0.24954222578208285;None;0.0;0.0;0.0;0.0;0.0;0.0;0.0
02.01.2021 10:30;13;inflexible;None;None;1.6439;0.158;1.7758;0.0098;0.1101;0.0124;0.2788
02.01.2021 10:45;21;inflexible;None;None;-2.2594;-0.0;-0.0;-0.0;-0.0;-0.0;-0.0
02.01.2021 10:45;28;BESS;0.2495388443889549;None;0.0;0.0;0.0;0.0;0.0;0.0;0.0
02.01.2021 10:45;13;inflexible;None;None;2.2594;0.0022;0.0038;0.0001;0.0002;0.0002;0.0006
02.01.2021 11:00;21;inflexible;None;None;-1.9685;-0.1965;-0.0;-0.0122;-0.0;0.0;-0.0
02.01.2021 11:00;28;BESS;0.24953546304164614;None;0.0;0.0;0.0;0.0;0.0;0.0;0.0
02.01.2021 11:00;13;inflexible;None;None;1.9685;0.0;0.0;0.0;0.0;0.0;0.0
02.01.2021 11:15;21;inflexible;None;None;-1.7148;-1.0133;-0.0;-0.063;-0.0;0.0;0.0
02.01.2021 11:15;28;BESS;0.24953208174015593;None;0.0;0.0;0.0;0.0;0.0;0.0;0.0
02.01.2021 11:15;13;inflexible;None;None;1.7148;0.0;0.0;0.0;0.0;0.0;0.0
02.01.2021 11:30;21;inflexible;None;None;-2.2069;-0.4402;-0.0;-0.0274;-0.0;0.0;-0.0
02.01.2021 11:30;28;BESS;0.24952870048448364;None;0.0;0.0;0.0;0.0;0.0;0.0;0.0
02.01.2021 11:30;13;inflexible;None;None;2.2069;0.0;0.0;0.0;0.0;0.0;0.0
02.01.2021 11:45;21;inflexible;None;None;-1.7773;-1.75;-0.0;-0.1088;-0.0;0.0;-0.0
02.01.2021 11:45;28;BESS;0.24952531927462868;None;0.0;0.0;0.0;0.0;0.0;0.0;0.0
02.01.2021 11:45;13;inflexible;None;None;1.7773;0.0;0.0;0.0;0.0;0.0;0.0
02.01.2021 12:00;21;inflexible;None;None;-1.6638;-2.2985;-0.0;-0.1447;-0.0;0.0;-0.0
02.01.2021 12:00;28;BESS;0.2495219381105904;None;0.0;0.0;0.0;0.0;0.0;0.0;0.0
02.01.2021 12:00;13;inflexible;None;None;1.6638;0.0;-0.0;0.0;-0.0;0.0;-0.0
02.01.2021 12:15;21;inflexible;None;None;-2.1834;-0.8211;-0.0;-0.0542;-0.0;0.0;-0.0
02.01.2021 12:15;28;BESS;0.2495185569923682;None;0.0;0.0;0.0;0.0;0.0;0.0;0.0
02.01.2021 12:15;13;inflexible;None;None;2.1834;0.0;0.0;0.0;0.0;0.0;0.0
02.01.2021 12:30;21;inflexible;None;None;-1.621;-1.467;-0.0;-0.0968;-0.0;0.0;-0.0
02.01.2021 12:30;28;BESS;0.24951517591996145;None;0.0;0.0;0.0;0.0;0.0;0.0;0.0
02.01.2021 12:30;13;inflexible;None;None;1.621;0.0;0.0;0.0;0.0;0.0;0.0
02.01.2021 12:45;21;inflexible;None;None;-1.9138;-2.9978;-0.0;-0.1977;-0.0;0.0;-0.0
02.01.2021 12:45;28;BESS;0.24951179489336953;None;0.0;0.0;0.0;0.0;0.0;0.0;0.0
02.01.2021 12:45;13;inflexible;None;None;1.9138;0.0;0.0;0.0;0.0;0.0;0.0
02.01.2021 13:00;21;inflexible;None;None;-1.5779;-1.3394;-0.0;-0.083;-0.0;0.0;-0.0
02.01.2021 13:00;28;BESS;0.24950841391259182;None;0.0;0.0;0.0;0.0;0.0;0.0;0.0
02.01.2021 13:00;13;inflexible;None;None;1.5779;0.0;0.0;0.0;0.0;0.0;0.0
02.01.2021 13:15;21;inflexible;None;None;-1.7069;-1.023;-0.0;-0.0634;-0.0;0.0;0.0
02.01.2021 13:15;28;BESS;0.24950503297762772;None;0.0;0.0;0.0;0.0;0.0;0.0;0.0
02.01.2021 13:15;13;inflexible;None;None;1.7069;0.0;0.0;0.0;0.0;0.0;0.0
02.01.2021 13:30;21;inflexible;None;None;-1.9841;-0.1938;-0.0;-0.012;-0.0;0.0;-0.0
02.01.2021 13:30;28;BESS;0.24950165208847658;None;0.0;0.0;0.0;0.0;0.0;0.0;0.0
02.01.2021 13:30;13;inflexible;None;None;1.9841;0.0;0.0;0.0;0.0;0.0;0.0
02.01.2021 13:45;21;inflexible;None;None;-1.5593;-0.0;-0.0;-0.0;-0.0;-0.0;-0.0
02.01.2021 13:45;28;BESS;0.24949827124513776;None;0.0;0.0;0.0;0.0;0.0;0.0;0.0
02.01.2021 13:45;13;inflexible;None;None;1.5593;0.0126;1.0684;0.0008;0.0662;0.001;0.1677
02.01.2021 14:00;21;inflexible;None;None;-1.1511;-0.0;-0.0;-0.0;-0.0;-0.0;-0.0
02.01.2021 14:00;28;BESS;0.2494948904476107;None;0.0;0.0;0.0;0.0;0.0;0.0;0.0
02.01.2021 14:00;13;inflexible;None;None;1.1511;-0.0;0.7746;-0.0;0.047;-0.0;0.1216
02.01.2021 14:15;21;inflexible;None;None;-0.8243;-0.0;-0.0;-0.0;-0.0;-0.0;-0.0
02.01.2021 14:15;28;BESS;0.24949150969589473;None;0.0;0.0;0.0;0.0;0.0;0.0;0.0
02.01.2021 14:15;13;inflexible;None;None;0.8243;-0.0;0.5389;-0.0;0.0327;-0.0;0.0846
02.01.2021 14:30;21;inflexible;None;None;-0.5917;-0.0;-0.0;-0.0;-0.0;-0.0;-0.0
02.01.2021 14:30;28;BESS;0.24948812898998926;None;0.0;0.0;0.0;0.0;0.0;0.0;0.0
02.01.2021 14:30;13;inflexible;None;None;0.5917;-0.0;0.4238;-0.0;0.0257;-0.0;0.0665
02.01.2021 14:45;21;inflexible;None;None;-0.4866;-0.0;-0.0;-0.0;-0.0;-0.0;-0.0
02.01.2021 14:45;28;BESS;0.24948474832989365;None;0.0;0.0;0.0;0.0;0.0;0.0;0.0
02.01.2021 14:45;13;inflexible;None;None;0.4866;-0.0;1.0991;-0.0;0.0667;-0.0;0.1726
02.01.2021 15:00;21;inflexible;None;None;-0.3324;-0.0;-0.0;-0.0;-0.0;-0.0;-0.0
02.01.2021 15:00;28;BESS;0.24948136771560728;None;0.0;0.0;0.0;0.0;0.0;0.0;0.0
02.01.2021 15:00;13;inflexible;None;None;0.3324;-0.0;0.859;-0.0;0.0545;-0.0;0.1349
02.01.2021 15:15;21;inflexible;None;None;-0.0832;-0.0;-0.0;-0.0;-0.0;-0.0;-0.0
02.01.2021 15:15;28;BESS;0.24947798714712954;None;0.0;0.0;0.0;0.0;0.0;0.0;0.0
02.01.2021 15:15;13;inflexible;None;None;0.0832;-0.0;1.0338;-0.0;0.0656;-0.0;0.1623
02.01.2021 15:30;21;inflexible;None;None;0.0;0.0;0.0;0.0;0.0;0.0;0.0
02.01.2021 15:30;28;BESS;0.2494746066244598;None;0.0;0.0;0.0;0.0;0.0;0.0;0.0
02.01.2021 15:30;13;inflexible;None;None;0.0;-0.0;1.1601;-0.0;0.0736;-0.0;0.1821
02.01.2021 15:45;21;inflexible;None;None;0.0;0.0;0.0;0.0;0.0;0.0;0.0
02.01.2021 15:45;28;BESS;0.24947122614759745;None;0.0;0.0;0.0;0.0;0.0;0.0;0.0
02.01.2021 15:45;13;inflexible;None;None;0.0;-0.0;1.0702;-0.0;0.0679;-0.0;0.168
02.01.2021 16:00;21;inflexible;None;None;0.0;0.0;0.0;0.0;0.0;0.0;0.0
02.01.2021 16:00;28;BESS;0.24946784571654185;None;0.0;0.0;0.0;0.0;0.0;0.0;0.0
02.01.2021 16:00;13;inflexible;None;None;0.0;-0.0;1.2617;-0.0;0.0883;-0.0;0.1981
02.01.2021 16:15;21;inflexible;None;None;0.0;0.0;0.0;0.0;0.0;0.0;0.0
02.01.2021 16:15;28;BESS;0.24946446533129238;None;0.0;0.0;0.0;0.0;0.0;0.0;0.0
02.01.2021 16:15;13;inflexible;None;None;0.0;-0.0;1.7226;-0.0;0.1206;-0.0;0.2704
02.01.2021 16:30;21;inflexible;None;None;0.0;0.0;0.0;0.0;0.0;0.0;0.0
02.01.2021 16:30;28;BESS;0.24946108499184844;None;0.0;0.0;0.0;0.0;0.0;0.0;0.0
02.01.2021 16:30;13;inflexible;None;None;0.0;-0.0;2.2381;-0.0;0.1566;-0.0;0.3514
02.01.2021 16:45;21;inflexible;None;None;0.0;0.0;0.0;0.0;0.0;0.0;0.0
02.01.2021 16:45;28;BESS;0.2494577046982094;None;0.0;0.0;0.0;0.0;0.0;0.0;0.0
02.01.2021 16:45;13;inflexible;None;None;0.0;-0.0;1.91;-0.0;0.1337;-0.0;0.2999
02.01.2021 17:00;21;inflexible;None;None;0.0;0.0;0.0;0.0;0.0;0.0;0.0
02.01.2021 17:00;28;BESS;0.24945432445037466;None;0.0;0.0;0.0;0.0;0.0;0.0;0.0
02.01.2021 17:00;13;inflexible;None;None;0.0;-0.0;2.0232;-0.0;0.1457;-0.0;0.3176
02.01.2021 17:15;21;inflexible;None;None;0.0;0.0;0.0;0.0;0.0;0.0;0.0
02.01.2021 17:15;28;BESS;0.24945094424834355;None;0.0;0.0;0.0;0.0;0.0;0.0;0.0
02.01.2021 17:15;13;inflexible;None;None;0.0;-0.0;2.41;-0.0;0.1735;-0.0;0.3784
02.01.2021 17:30;21;inflexible;None;None;0.0;0.0;0.0;0.0;0.0;0.0;0.0
02.01.2021 17:30;28;BESS;0.2494475640921155;None;0.0;0.0;0.0;0.0;0.0;0.0;0.0
02.01.2021 17:30;13;inflexible;None;None;0.0;-0.0;1.9647;-0.0;0.1415;-0.0;0.3085
02.01.2021 17:45;21;inflexible;None;None;0.0;0.0;0.0;0.0;0.0;0.0;0.0
02.01.2021 17:45;28;BESS;0.24944418398168985;None;0.0;0.0;0.0;0.0;0.0;0.0;0.0
02.01.2021 17:45;13;inflexible;None;None;0.0;-0.0;3.3589;-0.0;0.2418;-0.0;0.5273
02.01.2021 18:00;21;inflexible;None;None;0.0;0.0;0.0;0.0;0.0;0.0;0.0
02.01.2021 18:00;28;BESS;0.249440803917066;None;0.0;0.0;0.0;0.0;0.0;0.0;0.0
02.01.2021 18:00;13;inflexible;None;None;0.0;-0.0;2.7262;-0.0;0.1992;-0.0;0.428
02.01.2021 18:15;21;inflexible;None;None;0.0;0.0;0.0;0.0;0.0;0.0;0.0
02.01.2021 18:15;28;BESS;0.24943742389824333;None;0.0;0.0;0.0;0.0;0.0;0.0;0.0
02.01.2021 18:15;13;inflexible;None;None;0.0;-0.0;2.8474;-0.0;0.2081;-0.0;0.447
02.01.2021 18:30;21;inflexible;None;None;0.0;0.0;0.0;0.0;0.0;0.0;0.0
02.01.2021 18:30;28;BESS;0.2494340439252212;None;0.0;0.0;0.0;0.0;0.0;0.0;0.0
02.01.2021 18:30;13;inflexible;None;None;0.0;-0.0;2.2809;-0.0;0.1667;-0.0;0.3581
02.01.2021 18:45;21;inflexible;None;None;0.0;0.0;0.0;0.0;0.0;0.0;0.0
02.01.2021 18:45;28;BESS;0.249430663997999;None;0.0;0.0;0.0;0.0;0.0;0.0;0.0
02.01.2021 18:45;13;inflexible;None;None;0.0;-0.0;2.3903;-0.0;0.1747;-0.0;0.3753
02.01.2021 19:00;21;inflexible;None;None;0.0;0.0;0.0;0.0;0.0;0.0;0.0
02.01.2021 19:00;28;BESS;0.24942728411657614;None;0.0;0.0;0.0;0.0;0.0;0.0;0.0
02.01.2021 19:00;13;inflexible;None;None;0.0;-0.0;2.0778;-0.0;0.15;-0.0;0.3262
02.01.2021 19:15;21;inflexible;None;None;0.0;0.0;0.0;0.0;0.0;0.0;0.0
02.01.2021 19:15;28;BESS;0.24942390428095196;None;0.0;0.0;0.0;0.0;0.0;0.0;0.0
02.01.2021 19:15;13;inflexible;None;None;0.0;-0.0;2.3747;-0.0;0.1714;-0.0;0.3728
02.01.2021 19:30;21;inflexible;None;None;0.0;0.0;0.0;0.0;0.0;0.0;0.0
02.01.2021 19:30;28;BESS;0.24942052449112584;None;0.0;0.0;0.0;0.0;0.0;0.0;0.0
02.01.2021 19:30;13;inflexible;None;None;0.0;-0.0;2.4997;-0.0;0.1804;-0.0;0.3924
02.01.2021 19:45;21;inflexible;None;None;0.0;0.0;0.0;0.0;0.0;0.0;0.0
02.01.2021 19:45;28;BESS;0.2494171447470972;None;0.0;0.0;0.0;0.0;0.0;0.0;0.0
02.01.2021 19:45;13;inflexible;None;None;0.0;-0.0;2.2887;-0.0;0.1652;-0.0;0.3593
02.01.2021 20:00;21;inflexible;None;None;0.0;0.0;0.0;0.0;0.0;0.0;0.0
02.01.2021 20:00;28;BESS;0.24941376504886537;None;0.0;0.0;0.0;0.0;0.0;0.0;0.0
02.01.2021 20:00;13;inflexible;None;None;0.0;-0.0;2.3319;-0.0;0.1633;-0.0;0.3661
02.01.2021 20:15;21;inflexible;None;None;0.0;0.0;0.0;0.0;0.0;0.0;0.0
02.01.2021 20:15;28;BESS;0.24941038539642976;None;0.0;0.0;0.0;0.0;0.0;0.0;0.0
02.01.2021 20:15;13;inflexible;None;None;0.0;-0.0;2.1131;-0.0;0.148;-0.0;0.3318
02.01.2021 20:30;21;inflexible;None;None;0.0;0.0;0.0;0.0;0.0;0.0;0.0
02.01.2021 20:30;28;BESS;0.24940700578978975;None;0.0;0.0;0.0;0.0;0.0;0.0;0.0
02.01.2021 20:30;13;inflexible;None;None;0.0;-0.0;2.3747;-0.0;0.1663;-0.0;0.3728
02.01.2021 20:45;21;inflexible;None;None;0.0;0.0;0.0;0.0;0.0;0.0;0.0
02.01.2021 20:45;28;BESS;0.24940362622894469;None;0.0;0.0;0.0;0.0;0.0;0.0;0.0
02.01.2021 20:45;13;inflexible;None;None;0.0;-0.0;2.1131;-0.0;0.148;-0.0;0.3318
02.01.2021 21:00;21;inflexible;None;None;0.0;0.0;0.0;0.0;0.0;0.0;0.0
02.01.2021 21:00;28;BESS;0.249400246713894;None;0.0;0.0;0.0;0.0;0.0;0.0;0.0
02.01.2021 21:00;13;inflexible;None;None;0.0;-0.0;2.2616;-0.0;0.1471;-0.0;0.3551
02.01.2021 21:15;21;inflexible;None;None;0.0;0.0;0.0;0.0;0.0;0.0;0.0
02.01.2021 21:15;28;BESS;0.24939686724463703;None;0.0;0.0;0.0;0.0;0.0;0.0;0.0
02.01.2021 21:15;13;inflexible;None;None;0.0;-0.0;2.1638;-0.0;0.1407;-0.0;0.3397
02.01.2021 21:30;21;inflexible;None;None;0.0;0.0;0.0;0.0;0.0;0.0;0.0
02.01.2021 21:30;28;BESS;0.24939348782117315;None;0.0;0.0;0.0;0.0;0.0;0.0;0.0
02.01.2021 21:30;13;inflexible;None;None;0.0;-0.0;2.4372;-0.0;0.1585;-0.0;0.3826
02.01.2021 21:45;21;inflexible;None;None;0.0;0.0;0.0;0.0;0.0;0.0;0.0
02.01.2021 21:45;28;BESS;0.24939010844350176;None;0.0;0.0;0.0;0.0;0.0;0.0;0.0
02.01.2021 21:45;13;inflexible;None;None;0.0;-0.0;2.121;-0.0;0.1379;-0.0;0.333
02.01.2021 22:00;21;inflexible;None;None;0.0;0.0;0.0;0.0;0.0;0.0;0.0
02.01.2021 22:00;28;BESS;0.24938672911162224;None;0.0;0.0;0.0;0.0;0.0;0.0;0.0
02.01.2021 22:00;13;inflexible;None;None;0.0;-0.0;1.7263;-0.0;0.1075;-0.0;0.271
02.01.2021 22:15;21;inflexible;None;None;0.0;0.0;0.0;0.0;0.0;0.0;0.0
02.01.2021 22:15;28;BESS;0.24938334982553398;None;0.0;0.0;0.0;0.0;0.0;0.0;0.0
02.01.2021 22:15;13;inflexible;None;None;0.0;-0.0;1.2226;-0.0;0.0761;-0.0;0.192
02.01.2021 22:30;21;inflexible;None;None;0.0;0.0;0.0;0.0;0.0;0.0;0.0
02.01.2021 22:30;28;BESS;0.24937997058523634;None;0.0;0.0;0.0;0.0;0.0;0.0;0.0
02.01.2021 22:30;13;inflexible;None;None;0.0;-0.0;1.1601;-0.0;0.0722;-0.0;0.1821
02.01.2021 22:45;21;inflexible;None;None;0.0;0.0;0.0;0.0;0.0;0.0;0.0
02.01.2021 22:45;28;BESS;0.2493765913907287;None;0.0;0.0;0.0;0.0;0.0;0.0;0.0
02.01.2021 22:45;13;inflexible;None;None;0.0;-0.0;1.1523;-0.0;0.0717;-0.0;0.1809
02.01.2021 23:00;21;inflexible;None;None;0.0;0.0;0.0;0.0;0.0;0.0;0.0
02.01.2021 23:00;28;BESS;0.24937321224201045;None;0.0;0.0;0.0;0.0;0.0;0.0;0.0
02.01.2021 23:00;13;inflexible;None;None;0.0;-0.0;1.0858;-0.0;0.0635;-0.0;0.1705
02.01.2021 23:15;21;inflexible;None;None;0.0;0.0;0.0;0.0;0.0;0.0;0.0
02.01.2021 23:15;28;BESS;0.24936983313908095;None;0.0;0.0;0.0;0.0;0.0;0.0;0.0
02.01.2021 23:15;13;inflexible;None;None;0.0;-0.0;1.0352;-0.0;0.0605;-0.0;0.1625
02.01.2021 23:30;21;inflexible;None;None;0.0;0.0;0.0;0.0;0.0;0.0;0.0
02.01.2021 23:30;28;BESS;0.2493664540819396;None;0.0;0.0;0.0;0.0;0.0;0.0;0.0
02.01.2021 23:30;13;inflexible;None;None;0.0;-0.0;1.0274;-0.0;0.06;-0.0;0.1613
02.01.2021 23:45;21;inflexible;None;None;0.0;0.0;0.0;0.0;0.0;0.0;0.0
02.01.2021 23:45;28;BESS;0.2493630750705858;None;0.0;0.0;0.0;0.0;0.0;0.0;0.0
02.01.2021 23:45;13;inflexible;None;None;0.0;-0.0;0.8321;-0.0;0.0486;-0.0;0.1306
03.01.2021 00:00;21;inflexible;None;None;0.0;0.0;0.0;0.0;0.0;0.0;0.0
03.01.2021 00:00;28;BESS;0.2493596961050189;None;0.0;0.0;0.0;0.0;0.0;0.0;0.0
03.01.2021 00:00;13;inflexible;None;None;0.0;-0.0;0.8983;-0.0;0.0504;-0.0;0.141
03.01.2021 00:15;21;inflexible;None;None;0.0;0.0;0.0;0.0;0.0;0.0;0.0
03.01.2021 00:15;28;BESS;0.24935631718523826;None;0.0;0.0;0.0;0.0;0.0;0.0;0.0
03.01.2021 00:15;13;inflexible;None;None;0.0;-0.0;0.8243;-0.0;0.0462;-0.0;0.1294
03.01.2021 00:30;21;inflexible;None;None;0.0;0.0;0.0;0.0;0.0;0.0;0.0
03.01.2021 00:30;28;BESS;0.2493529383112433;None;0.0;0.0;0.0;0.0;0.0;0.0;0.0
03.01.2021 00:30;13;inflexible;None;None;0.0;-0.0;0.9139;-0.0;0.0513;-0.0;0.1435
03.01.2021 00:45;21;inflexible;None;None;0.0;0.0;0.0;0.0;0.0;0.0;0.0
03.01.2021 00:45;28;BESS;0.2493495594830334;None;0.0;0.0;0.0;0.0;0.0;0.0;0.0
03.01.2021 00:45;13;inflexible;None;None;0.0;-0.0;0.7383;-0.0;0.0414;-0.0;0.1159
03.01.2021 01:00;21;inflexible;None;None;0.0;0.0;0.0;0.0;0.0;0.0;0.0
03.01.2021 01:00;28;BESS;0.24934618070060788;None;0.0;0.0;0.0;0.0;0.0;0.0;0.0
03.01.2021 01:00;13;inflexible;None;None;0.0;-0.0;0.8243;-0.0;0.0437;-0.0;0.1294
03.01.2021 01:15;21;inflexible;None;None;0.0;0.0;0.0;0.0;0.0;0.0;0.0
03.01.2021 01:15;28;BESS;0.2493428019639662;None;0.0;0.0;0.0;0.0;0.0;0.0;0.0
03.01.2021 01:15;13;inflexible;None;None;0.0;-0.0;0.8477;-0.0;0.0449;-0.0;0.1331
03.01.2021 01:30;21;inflexible;None;None;0.0;0.0;0.0;0.0;0.0;0.0;0.0
03.01.2021 01:30;28;BESS;0.24933942327310765;None;0.0;0.0;0.0;0.0;0.0;0.0;0.0
03.01.2021 01:30;13;inflexible;None;None;0.0;-0.0;0.7774;-0.0;0.0412;-0.0;0.1221
03.01.2021 01:45;21;inflexible;None;None;0.0;0.0;0.0;0.0;0.0;0.0;0.0
03.01.2021 01:45;28;BESS;0.2493360446280317;None;0.0;0.0;0.0;0.0;0.0;0.0;0.0
03.01.2021 01:45;13;inflexible;None;None;0.0;-0.0;0.9571;-0.0;0.0507;-0.0;0.1503
03.01.2021 02:00;21;inflexible;None;None;0.0;0.0;0.0;0.0;0.0;0.0;0.0
03.01.2021 02:00;28;BESS;0.24933266602873766;None;0.0;0.0;0.0;0.0;0.0;0.0;0.0
03.01.2021 02:00;13;inflexible;None;None;0.0;-0.0;0.8711;-0.0;0.0432;-0.0;0.1368
03.01.2021 02:15;21;inflexible;None;None;0.0;0.0;0.0;0.0;0.0;0.0;0.0
03.01.2021 02:15;28;BESS;0.24932928747522495;None;0.0;0.0;0.0;0.0;0.0;0.0;0.0
03.01.2021 02:15;13;inflexible;None;None;0.0;-0.0;0.7655;-0.0;0.0379;-0.0;0.1202
03.01.2021 02:30;21;inflexible;None;None;0.0;0.0;0.0;0.0;0.0;0.0;0.0
03.01.2021 02:30;28;BESS;0.24932590896749296;None;0.0;0.0;0.0;0.0;0.0;0.0;0.0
03.01.2021 02:30;13;inflexible;None;None;0.0;-0.0;0.8399;-0.0;0.0416;-0.0;0.1319
03.01.2021 02:45;21;inflexible;None;None;0.0;0.0;0.0;0.0;0.0;0.0;0.0
03.01.2021 02:45;28;BESS;0.24932253050554104;None;0.0;0.0;0.0;0.0;0.0;0.0;0.0
03.01.2021 02:45;13;inflexible;None;None;0.0;-0.0;0.8008;-0.0;0.0397;-0.0;0.1257
03.01.2021 03:00;21;inflexible;None;None;0.0;0.0;0.0;0.0;0.0;0.0;0.0
03.01.2021 03:00;28;BESS;0.24931915208936858;None;0.0;0.0;0.0;0.0;0.0;0.0;0.0
03.01.2021 03:00;13;inflexible;None;None;0.0;-0.0;0.6133;-0.0;0.0277;-0.0;0.0963
03.01.2021 03:15;21;inflexible;None;None;0.0;0.0;0.0;0.0;0.0;0.0;0.0
03.01.2021 03:15;28;BESS;0.24931577371897495;None;0.0;0.0;0.0;0.0;0.0;0.0;0.0
03.01.2021 03:15;13;inflexible;None;None;0.0;-0.0;0.8086;-0.0;0.0365;-0.0;0.127
03.01.2021 03:30;21;inflexible;None;None;0.0;0.0;0.0;0.0;0.0;0.0;0.0
03.01.2021 03:30;28;BESS;0.24931239539435954;None;0.0;0.0;0.0;0.0;0.0;0.0;0.0
03.01.2021 03:30;13;inflexible;None;None;0.0;-0.0;0.793;-0.0;0.0358;-0.0;0.1245
03.01.2021 03:45;21;inflexible;None;None;0.0;0.0;0.0;0.0;0.0;0.0;0.0
03.01.2021 03:45;28;BESS;0.24930901711552172;None;0.0;0.0;0.0;0.0;0.0;0.0;0.0
03.01.2021 03:45;13;inflexible;None;None;0.0;-0.0;0.5977;-0.0;0.027;-0.0;0.0938
03.01.2021 04:00;21;inflexible;None;None;0.0;0.0;0.0;0.0;0.0;0.0;0.0
03.01.2021 04:00;28;BESS;0.24930563888246088;None;0.0;0.0;0.0;0.0;0.0;0.0;0.0
03.01.2021 04:00;13;inflexible;None;None;0.0;-0.0;0.7774;-0.0;0.0338;-0.0;0.1221
03.01.2021 04:15;21;inflexible;None;None;0.0;0.0;0.0;0.0;0.0;0.0;0.0
03.01.2021 04:15;28;BESS;0.24930226069517641;None;0.0;0.0;0.0;0.0;0.0;0.0;0.0
03.01.2021 04:15;13;inflexible;None;None;0.0;-0.0;0.8164;-0.0;0.0355;-0.0;0.1282
03.01.2021 04:30;21;inflexible;None;None;0.0;0.0;0.0;0.0;0.0;0.0;0.0
03.01.2021 04:30;28;BESS;0.24929888255366767;None;0.0;0.0;0.0;0.0;0.0;0.0;0.0
03.01.2021 04:30;13;inflexible;None;None;0.0;-0.0;0.6837;-0.0;0.0297;-0.0;0.1073
03.01.2021 04:45;21;inflexible;None;None;0.0;0.0;0.0;0.0;0.0;0.0;0.0
03.01.2021 04:45;28;BESS;0.24929550445793405;None;0.0;0.0;0.0;0.0;0.0;0.0;0.0
03.01.2021 04:45;13;inflexible;None;None;0.0;-0.0;0.7461;-0.0;0.0324;-0.0;0.1171
03.01.2021 05:00;21;inflexible;None;None;0.0;0.0;0.0;0.0;0.0;0.0;0.0
03.01.2021 05:00;28;BESS;0.24929212640797493;None;0.0;0.0;0.0;0.0;0.0;0.0;0.0
03.01.2021 05:00;13;inflexible;None;None;0.0;-0.0;0.8358;-0.0;0.0354;-0.0;0.1312
03.01.2021 05:15;21;inflexible;None;None;0.0;0.0;0.0;0.0;0.0;0.0;0.0
03.01.2021 05:15;28;BESS;0.24928874840378967;None;0.0;0.0;0.0;0.0;0.0;0.0;0.0
03.01.2021 05:15;13;inflexible;None;None;0.0;-0.0;0.7499;-0.0;0.0318;-0.0;0.1177
03.01.2021 05:30;21;inflexible;None;None;0.0;0.0;0.0;0.0;0.0;0.0;0.0
03.01.2021 05:30;28;BESS;0.24928537044537769;None;0.0;0.0;0.0;0.0;0.0;0.0;0.0
03.01.2021 05:30;13;inflexible;None;None;0.0;-0.0;0.9024;-0.0;0.0382;-0.0;0.1417
03.01.2021 05:45;21;inflexible;None;None;0.0;0.0;0.0;0.0;0.0;0.0;0.0
03.01.2021 05:45;28;BESS;0.24928199253273833;None;0.0;0.0;0.0;0.0;0.0;0.0;0.0
03.01.2021 05:45;13;inflexible;None;None;0.0;-0.0;0.8046;-0.0;0.0341;-0.0;0.1263
03.01.2021 06:00;21;inflexible;None;None;0.0;0.0;0.0;0.0;0.0;0.0;0.0
03.01.2021 06:00;28;BESS;0.24927861466587098;None;0.0;0.0;0.0;0.0;0.0;0.0;0.0
03.01.2021 06:00;13;inflexible;None;None;0.0;-0.0;0.8436;-0.0;0.0352;-0.0;0.1325
03.01.2021 06:15;21;inflexible;None;None;0.0;0.0;0.0;0.0;0.0;0.0;0.0
03.01.2021 06:15;28;BESS;0.24927523684477504;None;0.0;0.0;0.0;0.0;0.0;0.0;0.0
03.01.2021 06:15;13;inflexible;None;None;0.0;-0.0;0.8633;-0.0;0.036;-0.0;0.1355
03.01.2021 06:30;21;inflexible;None;None;0.0;0.0;0.0;0.0;0.0;0.0;0.0
03.01.2021 06:30;28;BESS;0.24927185906944987;None;0.0;0.0;0.0;0.0;0.0;0.0;0.0
03.01.2021 06:30;13;inflexible;None;None;0.0;-0.0;1.6601;-0.0;0.0692;-0.0;0.2606
03.01.2021 06:45;21;inflexible;None;None;0.0;0.0;0.0;0.0;0.0;0.0;0.0
03.01.2021 06:45;28;BESS;0.24926848133989485;None;0.0;0.0;0.0;0.0;0.0;0.0;0.0
03.01.2021 06:45;13;inflexible;None;None;0.0;-0.0;1.6873;-0.0;0.0704;-0.0;0.2649
03.01.2021 07:00;21;inflexible;None;None;0.0;0.0;0.0;0.0;0.0;0.0;0.0
03.01.2021 07:00;28;BESS;0.24926510365610938;None;0.0;0.0;0.0;0.0;0.0;0.0;0.0
03.01.2021 07:00;13;inflexible;None;None;0.0;-0.0;1.8513;-0.0;0.0789;-0.0;0.2907
03.01.2021 07:15;21;inflexible;None;None;0.0;0.0;0.0;0.0;0.0;0.0;0.0
03.01.2021 07:15;28;BESS;0.2492617260180928;None;0.0;0.0;0.0;0.0;0.0;0.0;0.0
03.01.2021 07:15;13;inflexible;None;None;0.0;-0.0;1.582;-0.0;0.0674;-0.0;0.2484
03.01.2021 07:30;21;inflexible;None;None;0.0;0.0;0.0;0.0;0.0;0.0;0.0
03.01.2021 07:30;28;BESS;0.24925834842584452;None;0.0;0.0;0.0;0.0;0.0;0.0;0.0
03.01.2021 07:30;13;inflexible;None;None;0.0;-0.0;1.5388;-0.0;0.0656;-0.0;0.2416
03.01.2021 07:45;21;inflexible;None;None;0.0;0.0;0.0;0.0;0.0;0.0;0.0
03.01.2021 07:45;28;BESS;0.2492549708793639;None;0.0;0.0;0.0;0.0;0.0;0.0;0.0
03.01.2021 07:45;13;inflexible;None;None;0.0;-0.0;1.6132;-0.0;0.0688;-0.0;0.2533
03.01.2021 08:00;21;inflexible;None;None;0.0;0.0;0.0;0.0;0.0;0.0;0.0
03.01.2021 08:00;28;BESS;0.24925159337865035;None;0.0;0.0;0.0;0.0;0.0;0.0;0.0
03.01.2021 08:00;13;inflexible;None;None;0.0;-0.0;1.5857;-0.0;0.0744;-0.0;0.249
03.01.2021 08:15;21;inflexible;None;None;0.0;0.0;0.0;0.0;0.0;0.0;0.0
03.01.2021 08:15;28;BESS;0.24924821592370325;None;0.0;0.0;0.0;0.0;0.0;0.0;0.0
03.01.2021 08:15;13;inflexible;None;None;0.0;-0.0;1.492;-0.0;0.07;-0.0;0.2342
03.01.2021 08:30;21;inflexible;None;None;-0.0555;-0.0;-0.0;-0.0;-0.0;-0.0;-0.0
03.01.2021 08:30;28;BESS;0.24924483851452195;None;0.0;0.0;0.0;0.0;0.0;0.0;0.0
03.01.2021 08:30;13;inflexible;None;None;0.0555;-0.0;1.3077;-0.0;0.0613;-0.0;0.2053
03.01.2021 08:45;21;inflexible;None;None;-0.1107;-0.0;-0.0;-0.0;-0.0;-0.0;-0.0
03.01.2021 08:45;28;BESS;0.24924146115110585;None;0.0;0.0;0.0;0.0;0.0;0.0;0.0
03.01.2021 08:45;13;inflexible;None;None;0.1107;-0.0;1.2604;-0.0;0.0591;-0.0;0.1979
03.01.2021 09:00;21;inflexible;None;None;-0.1662;-0.0;-0.0;-0.0;-0.0;-0.0;-0.0
03.01.2021 09:00;28;BESS;0.2492380838334543;None;0.0;0.0;0.0;0.0;0.0;0.0;0.0
03.01.2021 09:00;13;inflexible;None;None;0.1662;-0.0;1.1149;-0.0;0.0524;-0.0;0.175
03.01.2021 09:15;21;inflexible;None;None;-0.2212;-0.0;-0.0;-0.0;-0.0;-0.0;-0.0
03.01.2021 09:15;28;BESS;0.2492347065615667;None;0.0;0.0;0.0;0.0;0.0;0.0;0.0
03.01.2021 09:15;13;inflexible;None;None;0.2212;0.0061;1.2141;0.0003;0.057;0.0005;0.1906
03.01.2021 09:30;21;inflexible;None;None;-0.1661;-0.0;-0.0;-0.0;-0.0;-0.0;-0.0
03.01.2021 09:30;28;BESS;0.24923132933544245;None;0.0;0.0;0.0;0.0;0.0;0.0;0.0
03.01.2021 09:30;13;inflexible;None;None;0.1661;-0.0;1.2284;-0.0;0.0577;-0.0;0.1929
03.01.2021 09:45;21;inflexible;None;None;-0.3577;-0.0;-0.0;-0.0;-0.0;-0.0;-0.0
03.01.2021 09:45;28;BESS;0.24922795215508092;None;0.0;0.0;0.0;0.0;0.0;0.0;0.0
03.01.2021 09:45;13;inflexible;None;None;0.3577;0.0006;1.0908;0.0;0.0512;0.0;0.1713
03.01.2021 10:00;21;inflexible;None;None;-0.6032;-0.0;-0.0;-0.0;-0.0;-0.0;-0.0
03.01.2021 10:00;28;BESS;0.24922457502048148;None;0.0;0.0;0.0;0.0;0.0;0.0;0.0
03.01.2021 10:00;13;inflexible;None;None;0.6032;0.0345;2.4478;0.0016;0.1149;0.0027;0.3843
03.01.2021 10:15;21;inflexible;None;None;-0.7376;-0.0;-0.0;-0.0;-0.0;-0.0;-0.0
03.01.2021 10:15;28;BESS;0.24922119793164352;None;0.0;0.0;0.0;0.0;0.0;0.0;0.0
03.01.2021 10:15;13;inflexible;None;None;0.7376;0.044;2.3977;0.0021;0.1126;0.0035;0.3764
03.01.2021 10:30;21;inflexible;None;None;-0.8179;-0.0;-0.0;-0.0;-0.0;-0.0;-0.0
03.01.2021 10:30;28;BESS;0.2492178208885664;None;0.0;0.0;0.0;0.0;0.0;0.0;0.0
03.01.2021 10:30;13;inflexible;None;None;0.8179;0.0522;2.1216;0.0025;0.0996;0.0041;0.3331
03.01.2021 10:45;21;inflexible;None;None;-0.8979;-0.0;-0.0;-0.0;-0.0;-0.0;-0.0
03.01.2021 10:45;28;BESS;0.2492144438912495;None;0.0;0.0;0.0;0.0;0.0;0.0;0.0
03.01.2021 10:45;13;inflexible;None;None;0.8979;0.0431;1.4768;0.002;0.0694;0.0034;0.2319
03.01.2021 11:00;21;inflexible;None;None;-0.9791;-0.0;-0.0;-0.0;-0.0;-0.0;-0.0
03.01.2021 11:00;28;BESS;0.24921106693969222;None;0.0;0.0;0.0;0.0;0.0;0.0;0.0
03.01.2021 11:00;13;inflexible;None;None;0.9791;0.0423;1.0955;0.0023;0.0589;0.0033;0.172
03.01.2021 11:15;21;inflexible;None;None;-1.0329;-0.0;-0.0;-0.0;-0.0;-0.0;-0.0
03.01.2021 11:15;28;BESS;0.24920769003389395;None;0.0;0.0;0.0;0.0;0.0;0.0;0.0
03.01.2021 11:15;13;inflexible;None;None;1.0329;0.041;0.7697;0.0022;0.0413;0.0032;0.1208
03.01.2021 11:30;21;inflexible;None;None;-1.0327;-0.0;-0.0;-0.0;-0.0;-0.0;-0.0
03.01.2021 11:30;28;BESS;0.24920431317385405;None;0.0;0.0;0.0;0.0;0.0;0.0;0.0
03.01.2021 11:30;13;inflexible;None;None;1.0327;0.0935;0.311;0.005;0.0167;0.0073;0.0488
03.01.2021 11:45;21;inflexible;None;None;-1.249;-0.0;-0.0;-0.0;-0.0;-0.0;-0.0
03.01.2021 11:45;28;BESS;0.24920093635957188;None;0.0;0.0;0.0;0.0;0.0;0.0;0.0
03.01.2021 11:45;13;inflexible;None;None;1.249;0.0541;0.2513;0.0029;0.0135;0.0042;0.0395
03.01.2021 12:00;21;inflexible;None;None;-1.0336;-0.0;-0.0;-0.0;-0.0;-0.0;-0.0
03.01.2021 12:00;28;BESS;0.24919755959104686;None;0.0;0.0;0.0;0.0;0.0;0.0;0.0
03.01.2021 12:00;13;inflexible;None;None;1.0336;0.0452;0.3429;0.0026;0.0198;0.0035;0.0538
03.01.2021 12:15;21;inflexible;None;None;-0.9787;-0.0;-0.0;-0.0;-0.0;-0.0;-0.0
03.01.2021 12:15;28;BESS;0.24919418286827835;None;0.0;0.0;0.0;0.0;0.0;0.0;0.0
03.01.2021 12:15;13;inflexible;None;None;0.9787;0.0416;0.2296;0.0024;0.0132;0.0033;0.036
03.01.2021 12:30;21;inflexible;None;None;-0.7639;-0.0;-0.0;-0.0;-0.0;-0.0;-0.0
03.01.2021 12:30;28;BESS;0.24919080619126574;None;0.0;0.0;0.0;0.0;0.0;0.0;0.0
03.01.2021 12:30;13;inflexible;None;None;0.7639;0.0332;0.5739;0.0019;0.0331;0.0026;0.0901
03.01.2021 12:45;21;inflexible;None;None;-0.7105;-0.0;-0.0;-0.0;-0.0;-0.0;-0.0
03.01.2021 12:45;28;BESS;0.2491874295600084;None;0.0;0.0;0.0;0.0;0.0;0.0;0.0
03.01.2021 12:45;13;inflexible;None;None;0.7105;0.0903;0.625;0.0052;0.0361;0.0071;0.0981
03.01.2021 13:00;21;inflexible;None;None;-0.7077;-0.0;-0.0;-0.0;-0.0;-0.0;-0.0
03.01.2021 13:00;28;BESS;0.2491840529745057;None;0.0;0.0;0.0;0.0;0.0;0.0;0.0
03.01.2021 13:00;13;inflexible;None;None;0.7077;0.1215;0.659;0.0061;0.0332;0.0095;0.1035
03.01.2021 13:15;21;inflexible;None;None;-0.7878;-0.0;-0.0;-0.0;-0.0;-0.0;-0.0
03.01.2021 13:15;28;BESS;0.24918067643475703;None;0.0;0.0;0.0;0.0;0.0;0.0;0.0
03.01.2021 13:15;13;inflexible;None;None;0.7878;0.0106;1.0217;0.0005;0.0515;0.0008;0.1604
03.01.2021 13:30;21;inflexible;None;None;-1.0258;-0.0;-0.0;-0.0;-0.0;-0.0;-0.0
03.01.2021 13:30;28;BESS;0.24917729994076177;None;0.0;0.0;0.0;0.0;0.0;0.0;0.0
03.01.2021 13:30;13;inflexible;None;None;1.0258;-0.0;0.802;-0.0;0.0404;-0.0;0.1259
03.01.2021 13:45;21;inflexible;None;None;-0.5477;-0.0;-0.0;-0.0;-0.0;-0.0;-0.0
03.01.2021 13:45;28;BESS;0.2491739234925193;None;0.0;0.0;0.0;0.0;0.0;0.0;0.0
03.01.2021 13:45;13;inflexible;None;None;0.5477;-0.0;1.831;-0.0;0.0923;-0.0;0.2875
03.01.2021 14:00;21;inflexible;None;None;-0.4358;-0.0;-0.0;-0.0;-0.0;-0.0;-0.0
03.01.2021 14:00;28;BESS;0.249170547090029;None;0.0;0.0;0.0;0.0;0.0;0.0;0.0
03.01.2021 14:00;13;inflexible;None;None;0.4358;-0.0;1.8217;-0.0;0.0905;-0.0;0.286
03.01.2021 14:15;21;inflexible;None;None;-0.4359;-0.0;-0.0;-0.0;-0.0;-0.0;-0.0
03.01.2021 14:15;28;BESS;0.24916717073329028;None;0.0;0.0;0.0;0.0;0.0;0.0;0.0
03.01.2021 14:15;13;inflexible;None;None;0.4359;-0.0;1.4038;-0.0;0.0697;-0.0;0.2204
03.01.2021 14:30;21;inflexible;None;None;-0.4362;-0.0;-0.0;-0.0;-0.0;-0.0;-0.0
03.01.2021 14:30;28;BESS;0.2491637944223025;None;0.0;0.0;0.0;0.0;0.0;0.0;0.0
03.01.2021 14:30;13;inflexible;None;None;0.4362;-0.0;1.7238;-0.0;0.0856;-0.0;0.2706
03.01.2021 14:45;21;inflexible;None;None;-0.275;-0.0;-0.0;-0.0;-0.0;-0.0;-0.0
03.01.2021 14:45;28;BESS;0.249160418157065;None;0.0;0.0;0.0;0.0;0.0;0.0;0.0
03.01.2021 14:45;13;inflexible;None;None;0.275;-0.0;2.4084;-0.0;0.1196;-0.0;0.3781
03.01.2021 15:00;21;inflexible;None;None;-0.3345;-0.0;-0.0;-0.0;-0.0;-0.0;-0.0
03.01.2021 15:00;28;BESS;0.2491570419375772;None;0.0;0.0;0.0;0.0;0.0;0.0;0.0
03.01.2021 15:00;13;inflexible;None;None;0.3345;-0.0;1.1966;-0.0;0.0593;-0.0;0.1879
03.01.2021 15:15;21;inflexible;None;None;-0.2788;-0.0;-0.0;-0.0;-0.0;-0.0;-0.0
03.01.2021 15:15;28;BESS;0.2491536657638385;None;0.0;0.0;0.0;0.0;0.0;0.0;0.0
03.01.2021 15:15;13;inflexible;None;None;0.2788;-0.0;1.1663;-0.0;0.0578;-0.0;0.1831
03.01.2021 15:30;21;inflexible;None;None;-0.1116;-0.0;-0.0;-0.0;-0.0;-0.0;-0.0
03.01.2021 15:30;28;BESS;0.2491502896358482;None;0.0;0.0;0.0;0.0;0.0;0.0;0.0
03.01.2021 15:30;13;inflexible;None;None;0.1116;-0.0;1.3179;-0.0;0.0653;-0.0;0.2069
03.01.2021 15:45;21;inflexible;None;None;0.0;0.0;0.0;0.0;0.0;0.0;0.0
03.01.2021 15:45;28;BESS;0.24914691355360577;None;0.0;0.0;0.0;0.0;0.0;0.0;0.0
03.01.2021 15:45;13;inflexible;None;None;0.0;-0.0;1.2186;-0.0;0.0604;-0.0;0.1913
03.01.2021 16:00;21;inflexible;None;None;0.0;0.0;0.0;0.0;0.0;0.0;0.0
03.01.2021 16:00;28;BESS;0.24914353751711055;None;0.0;0.0;0.0;0.0;0.0;0.0;0.0
03.01.2021 16:00;13;inflexible;None;None;0.0;-0.0;1.4451;-0.0;0.0666;-0.0;0.2269
03.01.2021 16:15;21;inflexible;None;None;0.0;0.0;0.0;0.0;0.0;0.0;0.0
03.01.2021 16:15;28;BESS;0.24914016152636193;None;0.0;0.0;0.0;0.0;0.0;0.0;0.0
03.01.2021 16:15;13;inflexible;None;None;0.0;-0.0;1.3476;-0.0;0.0621;-0.0;0.2116
03.01.2021 16:30;21;inflexible;None;None;0.0;0.0;0.0;0.0;0.0;0.0;0.0
03.01.2021 16:30;28;BESS;0.24913678558135927;None;0.0;0.0;0.0;0.0;0.0;0.0;0.0
03.01.2021 16:30;13;inflexible;None;None;0.0;-0.0;1.2148;-0.0;0.056;-0.0;0.1907
03.01.2021 16:45;21;inflexible;None;None;0.0;0.0;0.0;0.0;0.0;0.0;0.0
03.01.2021 16:45;28;BESS;0.24913340968210196;None;0.0;0.0;0.0;0.0;0.0;0.0;0.0
03.01.2021 16:45;13;inflexible;None;None;0.0;-0.0;1.3476;-0.0;0.0621;-0.0;0.2116
03.01.2021 17:00;21;inflexible;None;None;0.0;0.0;0.0;0.0;0.0;0.0;0.0
03.01.2021 17:00;28;BESS;0.2491300338285894;None;0.0;0.0;0.0;0.0;0.0;0.0;0.0
03.01.2021 17:00;13;inflexible;None;None;0.0;-0.0;1.5857;-0.0;0.0873;-0.0;0.249
03.01.2021 17:15;21;inflexible;None;None;0.0;0.0;0.0;0.0;0.0;0.0;0.0
03.01.2021 17:15;28;BESS;0.24912665802082093;None;0.0;0.0;0.0;0.0;0.0;0.0;0.0
03.01.2021 17:15;13;inflexible;None;None;0.0;-0.0;1.6366;-0.0;0.0901;-0.0;0.257
03.01.2021 17:30;21;inflexible;None;None;0.0;0.0;0.0;0.0;0.0;0.0;0.0
03.01.2021 17:30;28;BESS;0.24912328225879596;None;0.0;0.0;0.0;0.0;0.0;0.0;0.0
03.01.2021 17:30;13;inflexible;None;None;0.0;-0.0;1.367;-0.0;0.0752;-0.0;0.2146
03.01.2021 17:45;21;inflexible;None;None;0.0;0.0;0.0;0.0;0.0;0.0;0.0
03.01.2021 17:45;28;BESS;0.24911990654251387;None;0.0;0.0;0.0;0.0;0.0;0.0;0.0
03.01.2021 17:45;13;inflexible;None;None;0.0;-0.0;2.4647;-0.0;0.1357;-0.0;0.387
03.01.2021 18:00;21;inflexible;None;None;0.0;0.0;0.0;0.0;0.0;0.0;0.0
03.01.2021 18:00;28;BESS;0.24911653087197402;None;0.0;0.0;0.0;0.0;0.0;0.0;0.0
03.01.2021 18:00;13;inflexible;None;None;0.0;-0.0;3.2183;-0.0;0.2013;-0.0;0.5053
03.01.2021 18:15;21;inflexible;None;None;0.0;0.0;0.0;0.0;0.0;0.0;0.0
03.01.2021 18:15;28;BESS;0.2491131552471758;None;0.0;0.0;0.0;0.0;0.0;0.0;0.0
03.01.2021 18:15;13;inflexible;None;None;0.0;-0.0;2.1991;-0.0;0.1376;-0.0;0.3453
03.01.2021 18:30;21;inflexible;None;None;0.0;0.0;0.0;0.0;0.0;0.0;0.0
03.01.2021 18:30;28;BESS;0.24910977966811862;None;0.0;0.0;0.0;0.0;0.0;0.0;0.0
03.01.2021 18:30;13;inflexible;None;None;0.0;-0.0;2.0935;-0.0;0.131;-0.0;0.3287
03.01.2021 18:45;21;inflexible;None;None;0.0;0.0;0.0;0.0;0.0;0.0;0.0
03.01.2021 18:45;28;BESS;0.2491064041348018;None;0.0;0.0;0.0;0.0;0.0;0.0;0.0
03.01.2021 18:45;13;inflexible;None;None;0.0;-0.0;2.5115;-0.0;0.1571;-0.0;0.3943
03.01.2021 19:00;21;inflexible;None;None;0.0;0.0;0.0;0.0;0.0;0.0;0.0
03.01.2021 19:00;28;BESS;0.24910302864722478;None;0.0;0.0;0.0;0.0;0.0;0.0;0.0
03.01.2021 19:00;13;inflexible;None;None;0.0;-0.0;2.2225;-0.0;0.1241;-0.0;0.3489
03.01.2021 19:15;21;inflexible;None;None;0.0;0.0;0.0;0.0;0.0;0.0;0.0
03.01.2021 19:15;28;BESS;0.2490996532053869;None;0.0;0.0;0.0;0.0;0.0;0.0;0.0
03.01.2021 19:15;13;inflexible;None;None;0.0;-0.0;2.1794;-0.0;0.1217;-0.0;0.3422
03.01.2021 19:30;21;inflexible;None;None;0.0;0.0;0.0;0.0;0.0;0.0;0.0
03.01.2021 19:30;28;BESS;0.24909627780928756;None;0.0;0.0;0.0;0.0;0.0;0.0;0.0
03.01.2021 19:30;13;inflexible;None;None;0.0;-0.0;1.9997;-0.0;0.1117;-0.0;0.314
03.01.2021 19:45;21;inflexible;None;None;0.0;0.0;0.0;0.0;0.0;0.0;0.0
03.01.2021 19:45;28;BESS;0.24909290245892615;None;0.0;0.0;0.0;0.0;0.0;0.0;0.0
03.01.2021 19:45;13;inflexible;None;None;0.0;-0.0;1.9294;-0.0;0.1077;-0.0;0.3029
03.01.2021 20:00;21;inflexible;None;None;0.0;0.0;0.0;0.0;0.0;0.0;0.0
03.01.2021 20:00;28;BESS;0.24908952715430202;None;0.0;0.0;0.0;0.0;0.0;0.0;0.0
03.01.2021 20:00;13;inflexible;None;None;0.0;-0.0;1.9997;-0.0;0.0916;-0.0;0.314
03.01.2021 20:15;21;inflexible;None;None;0.0;0.0;0.0;0.0;0.0;0.0;0.0
03.01.2021 20:15;28;BESS;0.24908615189541458;None;0.0;0.0;0.0;0.0;0.0;0.0;0.0
03.01.2021 20:15;13;inflexible;None;None;0.0;-0.0;2.2419;-0.0;0.1027;-0.0;0.352
03.01.2021 20:30;21;inflexible;None;None;0.0;0.0;0.0;0.0;0.0;0.0;0.0
03.01.2021 20:30;28;BESS;0.2490827766822632;None;0.0;0.0;0.0;0.0;0.0;0.0;0.0
03.01.2021 20:30;13;inflexible;None;None;0.0;-0.0;2.0741;-0.0;0.0951;-0.0;0.3256
03.01.2021 20:45;21;inflexible;None;None;0.0;0.0;0.0;0.0;0.0;0.0;0.0
03.01.2021 20:45;28;BESS;0.24907940151484725;None;0.0;0.0;0.0;0.0;0.0;0.0;0.0
03.01.2021 20:45;13;inflexible;None;None;0.0;-0.0;1.9841;-0.0;0.0909;-0.0;0.3115
03.01.2021 21:00;21;inflexible;None;None;0.0;0.0;0.0;0.0;0.0;0.0;0.0
03.01.2021 21:00;28;BESS;0.24907602639316612;None;0.0;0.0;0.0;0.0;0.0;0.0;0.0
03.01.2021 21:00;13;inflexible;None;None;0.0;-0.0;1.8591;-0.0;0.0805;-0.0;0.2919
03.01.2021 21:15;21;inflexible;None;None;0.0;0.0;0.0;0.0;0.0;0.0;0.0
03.01.2021 21:15;28;BESS;0.24907265131721917;None;0.0;0.0;0.0;0.0;0.0;0.0;0.0
03.01.2021 21:15;13;inflexible;None;None;0.0;-0.0;1.6913;-0.0;0.0733;-0.0;0.2655
03.01.2021 21:30;21;inflexible;None;None;0.0;0.0;0.0;0.0;0.0;0.0;0.0
03.01.2021 21:30;28;BESS;0.24906927628700581;None;0.0;0.0;0.0;0.0;0.0;0.0;0.0
03.01.2021 21:30;13;inflexible;None;None;0.0;-0.0;1.6445;-0.0;0.0712;-0.0;0.2582
03.01.2021 21:45;21;inflexible;None;None;0.0;0.0;0.0;0.0;0.0;0.0;0.0
03.01.2021 21:45;28;BESS;0.2490659013025254;None;0.0;0.0;0.0;0.0;0.0;0.0;0.0
03.01.2021 21:45;13;inflexible;None;None;0.0;-0.0;1.6445;-0.0;0.0712;-0.0;0.2582
03.01.2021 22:00;21;inflexible;None;None;0.0;0.0;0.0;0.0;0.0;0.0;0.0
03.01.2021 22:00;28;BESS;0.24906252636377732;None;0.0;0.0;0.0;0.0;0.0;0.0;0.0
03.01.2021 22:00;13;inflexible;None;None;0.0;-0.0;1.6326;-0.0;0.0734;-0.0;0.2563
03.01.2021 22:15;21;inflexible;None;None;0.0;0.0;0.0;0.0;0.0;0.0;0.0
03.01.2021 22:15;28;BESS;0.24905915147076096;None;0.0;0.0;0.0;0.0;0.0;0.0;0.0
03.01.2021 22:15;13;inflexible;None;None;0.0;-0.0;1.2498;-0.0;0.0562;-0.0;0.1962
03.01.2021 22:30;21;inflexible;None;None;0.0;0.0;0.0;0.0;0.0;0.0;0.0
03.01.2021 22:30;28;BESS;0.24905577662347572;None;0.0;0.0;0.0;0.0;0.0;0.0;0.0
03.01.2021 22:30;13;inflexible;None;None;0.0;-0.0;1.1639;-0.0;0.0524;-0.0;0.1827
03.01.2021 22:45;21;inflexible;None;None;0.0;0.0;0.0;0.0;0.0;0.0;0.0
03.01.2021 22:45;28;BESS;0.24905240182192095;None;0.0;0.0;0.0;0.0;0.0;0.0;0.0
03.01.2021 22:45;13;inflexible;None;None;0.0;-0.0;1.0467;-0.0;0.0471;-0.0;0.1643
03.01.2021 23:00;21;inflexible;None;None;0.0;0.0;0.0;0.0;0.0;0.0;0.0
03.01.2021 23:00;28;BESS;0.24904902706609605;None;0.0;0.0;0.0;0.0;0.0;0.0;0.0
03.01.2021 23:00;13;inflexible;None;None;0.0;-0.0;0.8671;-0.0;0.0324;-0.0;0.1361
03.01.2021 23:15;21;inflexible;None;None;0.0;0.0;0.0;0.0;0.0;0.0;0.0
03.01.2021 23:15;28;BESS;0.24904565235600037;None;0.0;0.0;0.0;0.0;0.0;0.0;0.0
03.01.2021 23:15;13;inflexible;None;None;0.0;-0.0;0.9608;-0.0;0.0359;-0.0;0.1508
03.01.2021 23:30;21;inflexible;None;None;0.0;0.0;0.0;0.0;0.0;0.0;0.0
03.01.2021 23:30;28;BESS;0.2490422776916333;None;0.0;0.0;0.0;0.0;0.0;0.0;0.0
03.01.2021 23:30;13;inflexible;None;None;0.0;-0.0;0.793;-0.0;0.0297;-0.0;0.1245
03.01.2021 23:45;21;inflexible;None;None;0.0;0.0;0.0;0.0;0.0;0.0;0.0
03.01.2021 23:45;28;BESS;0.24903890307299426;None;0.0;0.0;0.0;0.0;0.0;0.0;0.0
03.01.2021 23:45;13;inflexible;None;None;0.0;-0.0;0.9139;-0.0;0.0342;-0.0;0.1435
04.01.2021 00:00;21;inflexible;None;None;0.0;0.0;0.0;0.0;0.0;0.0;0.0
04.01.2021 00:00;28;BESS;0.2490355285000826;None;0.0;0.0;0.0;0.0;0.0;0.0;0.0
04.01.2021 00:00;13;inflexible;None;None;0.0;-0.0;0.8399;-0.0;0.033;-0.0;0.1319
04.01.2021 00:15;21;inflexible;None;None;0.0;0.0;0.0;0.0;0.0;0.0;0.0
04.01.2021 00:15;28;BESS;0.24903215397289769;None;0.0;0.0;0.0;0.0;0.0;0.0;0.0
04.01.2021 00:15;13;inflexible;None;None;0.0;-0.0;0.7774;-0.0;0.0306;-0.0;0.1221
04.01.2021 00:30;21;inflexible;None;None;0.0;0.0;0.0;0.0;0.0;0.0;0.0
04.01.2021 00:30;28;BESS;0.24902877949143892;None;0.0;0.0;0.0;0.0;0.0;0.0;0.0
04.01.2021 00:30;13;inflexible;None;None;0.0;-0.0;0.7968;-0.0;0.0313;-0.0;0.1251
04.01.2021 00:45;21;inflexible;None;None;0.0;0.0;0.0;0.0;0.0;0.0;0.0
04.01.2021 00:45;28;BESS;0.24902540505570567;None;0.0;0.0;0.0;0.0;0.0;0.0;0.0
04.01.2021 00:45;13;inflexible;None;None;0.0;-0.0;0.6915;-0.0;0.0272;-0.0;0.1086
04.01.2021 01:00;21;inflexible;None;None;0.0;0.0;0.0;0.0;0.0;0.0;0.0
04.01.2021 01:00;28;BESS;0.2490220306656973;None;0.0;0.0;0.0;0.0;0.0;0.0;0.0
04.01.2021 01:00;13;inflexible;None;None;0.0;-0.0;0.6327;-0.0;0.022;-0.0;0.0993
04.01.2021 01:15;21;inflexible;None;None;0.0;0.0;0.0;0.0;0.0;0.0;0.0
04.01.2021 01:15;28;BESS;0.24901865632141323;None;0.0;0.0;0.0;0.0;0.0;0.0;0.0
04.01.2021 01:15;13;inflexible;None;None;0.0;-0.0;0.7421;-0.0;0.0258;-0.0;0.1165
04.01.2021 01:30;21;inflexible;None;None;0.0;0.0;0.0;0.0;0.0;0.0;0.0
04.01.2021 01:30;28;BESS;0.24901528202285284;None;0.0;0.0;0.0;0.0;0.0;0.0;0.0
04.01.2021 01:30;13;inflexible;None;None;0.0;-0.0;0.629;-0.0;0.0219;-0.0;0.0987
04.01.2021 01:45;21;inflexible;None;None;0.0;0.0;0.0;0.0;0.0;0.0;0.0
04.01.2021 01:45;28;BESS;0.24901190777001547;None;0.0;0.0;0.0;0.0;0.0;0.0;0.0
04.01.2021 01:45;13;inflexible;None;None;0.0;-0.0;0.6915;-0.0;0.0241;-0.0;0.1086
04.01.2021 02:00;21;inflexible;None;None;0.0;0.0;0.0;0.0;0.0;0.0;0.0
04.01.2021 02:00;28;BESS;0.24900853356290054;None;0.0;0.0;0.0;0.0;0.0;0.0;0.0
04.01.2021 02:00;13;inflexible;None;None;0.0;-0.0;0.6993;-0.0;0.0242;-0.0;0.1098
04.01.2021 02:15;21;inflexible;None;None;0.0;0.0;0.0;0.0;0.0;0.0;0.0
04.01.2021 02:15;28;BESS;0.2490051594015074;None;0.0;0.0;0.0;0.0;0.0;0.0;0.0
04.01.2021 02:15;13;inflexible;None;None;0.0;-0.0;0.578;-0.0;0.02;-0.0;0.0908
04.01.2021 02:30;21;inflexible;None;None;0.0;0.0;0.0;0.0;0.0;0.0;0.0
04.01.2021 02:30;28;BESS;0.24900178528583544;None;0.0;0.0;0.0;0.0;0.0;0.0;0.0
04.01.2021 02:30;13;inflexible;None;None;0.0;0.7696;0.0;0.0244;0.0;0.0604;0.0
04.01.2021 02:45;21;inflexible;None;None;0.0;0.0;0.0;0.0;0.0;0.0;0.0
04.01.2021 02:45;28;BESS;0.24899841121588406;None;0.0;0.0;0.0;0.0;0.0;0.0;0.0
04.01.2021 02:45;13;inflexible;None;None;0.0;-0.0;0.6327;-0.0;0.0219;-0.0;0.0993
04.01.2021 03:00;21;inflexible;None;None;0.0;0.0;0.0;0.0;0.0;0.0;0.0
04.01.2021 03:00;28;BESS;0.2489950371916526;None;0.0;0.0;0.0;0.0;0.0;0.0;0.0
04.01.2021 03:00;13;inflexible;None;None;0.0;-0.0;0.7265;-0.0;0.0253;-0.0;0.1141
04.01.2021 03:15;21;inflexible;None;None;0.0;0.0;0.0;0.0;0.0;0.0;0.0
04.01.2021 03:15;28;BESS;0.2489916632131405;None;0.0;0.0;0.0;0.0;0.0;0.0;0.0
04.01.2021 03:15;13;inflexible;None;None;0.0;-0.0;0.6718;-0.0;0.0234;-0.0;0.1055
04.01.2021 03:30;21;inflexible;None;None;0.0;0.0;0.0;0.0;0.0;0.0;0.0
04.01.2021 03:30;28;BESS;0.2489882892803471;None;0.0;0.0;0.0;0.0;0.0;0.0;0.0
04.01.2021 03:30;13;inflexible;None;None;0.0;-0.0;0.6718;-0.0;0.0234;-0.0;0.1055
04.01.2021 03:45;21;inflexible;None;None;0.0;0.0;0.0;0.0;0.0;0.0;0.0
04.01.2021 03:45;28;BESS;0.24898491539327178;None;0.0;0.0;0.0;0.0;0.0;0.0;0.0
04.01.2021 03:45;13;inflexible;None;None;0.0;-0.0;0.7499;-0.0;0.0261;-0.0;0.1177
04.01.2021 04:00;21;inflexible;None;None;0.0;0.0;0.0;0.0;0.0;0.0;0.0
04.01.2021 04:00;28;BESS;0.24898154155191393;None;0.0;0.0;0.0;0.0;0.0;0.0;0.0
04.01.2021 04:00;13;inflexible;None;None;0.0;-0.0;0.578;-0.0;0.0218;-0.0;0.0908
04.01.2021 04:15;21;inflexible;None;None;0.0;0.0;0.0;0.0;0.0;0.0;0.0
04.01.2021 04:15;28;BESS;0.24897816775627293;None;0.0;0.0;0.0;0.0;0.0;0.0;0.0
04.01.2021 04:15;13;inflexible;None;None;0.0;-0.0;0.7265;-0.0;0.0274;-0.0;0.1141
04.01.2021 04:30;21;inflexible;None;None;0.0;0.0;0.0;0.0;0.0;0.0;0.0
04.01.2021 04:30;28;BESS;0.24897479400634814;None;0.0;0.0;0.0;0.0;0.0;0.0;0.0
04.01.2021 04:30;13;inflexible;None;None;0.0;-0.0;0.629;-0.0;0.0237;-0.0;0.0987
04.01.2021 04:45;21;inflexible;None;None;0.0;0.0;0.0;0.0;0.0;0.0;0.0
04.01.2021 04:45;28;BESS;0.24897142030213898;None;0.0;0.0;0.0;0.0;0.0;0.0;0.0
04.01.2021 04:45;13;inflexible;None;None;0.0;-0.0;0.6796;-0.0;0.0256;-0.0;0.1067
04.01.2021 05:00;21;inflexible;None;None;0.0;0.0;0.0;0.0;0.0;0.0;0.0
04.01.2021 05:00;28;BESS;0.2489680466436448;None;0.0;0.0;0.0;0.0;0.0;0.0;0.0
04.01.2021 05:00;13;inflexible;None;None;0.0;-0.0;0.7696;-0.0;0.0297;-0.0;0.1208
04.01.2021 05:15;21;inflexible;None;None;0.0;0.0;0.0;0.0;0.0;0.0;0.0
04.01.2021 05:15;28;BESS;0.248964673030865;None;0.0;0.0;0.0;0.0;0.0;0.0;0.0
04.01.2021 05:15;13;inflexible;None;None;0.0;0.7421;0.0;0.0264;0.0;0.0583;0.0
04.01.2021 05:30;21;inflexible;None;None;0.0;0.0;0.0;0.0;0.0;0.0;0.0
04.01.2021 05:30;28;BESS;0.24896129946379894;None;0.0;0.0;0.0;0.0;0.0;0.0;0.0
04.01.2021 05:30;13;inflexible;None;None;0.0;-0.0;0.8358;-0.0;0.0322;-0.0;0.1312
04.01.2021 05:45;21;inflexible;None;None;0.0;0.0;0.0;0.0;0.0;0.0;0.0
04.01.2021 05:45;28;BESS;0.248957925942446;None;0.0;0.0;0.0;0.0;0.0;0.0;0.0
04.01.2021 05:45;13;inflexible;None;None;0.0;0.8202;-0.0;0.0292;-0.0;0.0644;-0.0
04.01.2021 06:00;21;inflexible;None;None;0.0;0.0;0.0;0.0;0.0;0.0;0.0
04.01.2021 06:00;28;BESS;0.2489545524668056;None;0.0;0.0;0.0;0.0;0.0;0.0;0.0
04.01.2021 06:00;13;inflexible;None;None;0.0;-0.0;0.793;-0.0;0.0373;-0.0;0.1245
04.01.2021 06:15;21;inflexible;None;None;0.0;0.0;0.0;0.0;0.0;0.0;0.0
04.01.2021 06:15;28;BESS;0.24895117903687708;None;0.0;0.0;0.0;0.0;0.0;0.0;0.0
04.01.2021 06:15;13;inflexible;None;None;0.0;-0.0;0.828;-0.0;0.0389;-0.0;0.13
04.01.2021 06:30;21;inflexible;None;None;0.0;0.0;0.0;0.0;0.0;0.0;0.0
04.01.2021 06:30;28;BESS;0.24894780565265984;None;0.0;0.0;0.0;0.0;0.0;0.0;0.0
04.01.2021 06:30;13;inflexible;None;None;0.0;-0.0;1.1133;-0.0;0.0524;-0.0;0.1748
04.01.2021 06:45;21;inflexible;None;None;0.0;0.0;0.0;0.0;0.0;0.0;0.0
04.01.2021 06:45;28;BESS;0.24894443231415325;None;0.0;0.0;0.0;0.0;0.0;0.0;0.0
04.01.2021 06:45;13;inflexible;None;None;0.0;-0.0;1.6951;-0.0;0.0797;-0.0;0.2661
04.01.2021 07:00;21;inflexible;None;None;0.0;0.0;0.0;0.0;0.0;0.0;0.0
04.01.2021 07:00;28;BESS;0.2489410590213567;None;0.0;0.0;0.0;0.0;0.0;0.0;0.0
04.01.2021 07:00;13;inflexible;None;None;0.0;-0.0;1.6092;-0.0;0.0998;-0.0;0.2526
04.01.2021 07:15;21;inflexible;None;None;0.0;0.0;0.0;0.0;0.0;0.0;0.0
04.01.2021 07:15;28;BESS;0.24893768577426953;None;0.0;0.0;0.0;0.0;0.0;0.0;0.0
04.01.2021 07:15;13;inflexible;None;None;0.0;-0.0;1.8476;-0.0;0.1146;-0.0;0.2901
04.01.2021 07:30;21;inflexible;None;None;0.0;0.0;0.0;0.0;0.0;0.0;0.0
04.01.2021 07:30;28;BESS;0.24893431257289117;None;0.0;0.0;0.0;0.0;0.0;0.0;0.0
04.01.2021 07:30;13;inflexible;None;None;0.0;-0.0;2.1522;-0.0;0.1335;-0.0;0.3379
04.01.2021 07:45;21;inflexible;None;None;0.0;0.0;0.0;0.0;0.0;0.0;0.0
04.01.2021 07:45;28;BESS;0.248930939417221;None;0.0;0.0;0.0;0.0;0.0;0.0;0.0
04.01.2021 07:45;13;inflexible;None;None;0.0;-0.0;1.5351;-0.0;0.0952;-0.0;0.241
04.01.2021 08:00;21;inflexible;None;None;0.0;0.0;0.0;0.0;0.0;0.0;0.0
04.01.2021 08:00;28;BESS;0.24892756630725837;None;0.0;0.0;0.0;0.0;0.0;0.0;0.0
04.01.2021 08:00;13;inflexible;None;None;0.0;-0.0;1.9335;-0.0;0.1271;-0.0;0.3036
04.01.2021 08:15;21;inflexible;None;None;-0.2212;-0.0;-0.0;-0.0;-0.0;-0.0;-0.0
04.01.2021 08:15;28;BESS;0.2489241932430027;None;0.0;0.0;0.0;0.0;0.0;0.0;0.0
04.01.2021 08:15;13;inflexible;None;None;0.2212;-0.0;1.3764;-0.0;0.0905;-0.0;0.2161
04.01.2021 08:30;21;inflexible;None;None;-0.0558;-0.0;-0.0;-0.0;-0.0;-0.0;-0.0
04.01.2021 08:30;28;BESS;0.24892082022445333;None;0.0;0.0;0.0;0.0;0.0;0.0;0.0
04.01.2021 08:30;13;inflexible;None;None;0.0558;-0.0;2.7135;-0.0;0.1784;-0.0;0.426
04.01.2021 08:45;21;inflexible;None;None;-0.0558;-0.0;-0.0;-0.0;-0.0;-0.0;-0.0
04.01.2021 08:45;28;BESS;0.24891744725160966;None;0.0;0.0;0.0;0.0;0.0;0.0;0.0
04.01.2021 08:45;13;inflexible;None;None;0.0558;-0.0;1.7058;-0.0;0.1122;-0.0;0.2678
04.01.2021 09:00;21;inflexible;None;None;-0.1117;-0.0;-0.0;-0.0;-0.0;-0.0;-0.0
04.01.2021 09:00;28;BESS;0.24891407432447107;None;0.0;0.0;0.0;0.0;0.0;0.0;0.0
04.01.2021 09:00;13;inflexible;None;None;0.1117;-0.0;1.3647;-0.0;0.0915;-0.0;0.2143
04.01.2021 09:15;21;inflexible;None;None;-0.1394;-0.0;-0.0;-0.0;-0.0;-0.0;-0.0
04.01.2021 09:15;28;BESS;0.24891070144303695;None;0.0;0.0;0.0;0.0;0.0;0.0;0.0
04.01.2021 09:15;13;inflexible;None;None;0.1394;-0.0;1.9931;-0.0;0.1337;-0.0;0.3129
04.01.2021 09:30;21;inflexible;None;None;-0.2225;-0.0;-0.0;-0.0;-0.0;-0.0;-0.0
04.01.2021 09:30;28;BESS;0.24890732860730666;None;0.0;0.0;0.0;0.0;0.0;0.0;0.0
04.01.2021 09:30;13;inflexible;None;None;0.2225;-0.0;2.5234;-0.0;0.1692;-0.0;0.3962
04.01.2021 09:45;21;inflexible;None;None;-0.3599;-0.0;-0.0;-0.0;-0.0;-0.0;-0.0
04.01.2021 09:45;28;BESS;0.2489039558172796;None;0.0;0.0;0.0;0.0;0.0;0.0;0.0
04.01.2021 09:45;13;inflexible;None;None;0.3599;0.0364;1.166;0.0024;0.0782;0.0029;0.1831
04.01.2021 10:00;21;inflexible;None;None;-0.5524;-0.0;-0.0;-0.0;-0.0;-0.0;-0.0
04.01.2021 10:00;28;BESS;0.24890058307295512;None;0.0;0.0;0.0;0.0;0.0;0.0;0.0
04.01.2021 10:00;13;inflexible;None;None;0.5524;0.0455;2.0776;0.0031;0.1396;0.0036;0.3262
04.01.2021 10:15;21;inflexible;None;None;-0.5794;-0.0;-0.0;-0.0;-0.0;-0.0;-0.0
04.01.2021 10:15;28;BESS;0.24889721037433263;None;0.0;0.0;0.0;0.0;0.0;0.0;0.0
04.01.2021 10:15;13;inflexible;None;None;0.5794;0.069;1.5076;0.0046;0.1013;0.0054;0.2367
04.01.2021 10:30;21;inflexible;None;None;-0.5521;-0.0;-0.0;-0.0;-0.0;-0.0;-0.0
04.01.2021 10:30;28;BESS;0.24889383772141152;None;0.0;0.0;0.0;0.0;0.0;0.0;0.0
04.01.2021 10:30;13;inflexible;None;None;0.5521;0.1695;1.575;0.0114;0.1058;0.0133;0.2473
04.01.2021 10:45;21;inflexible;None;None;-0.4153;-0.0;-0.0;-0.0;-0.0;-0.0;-0.0
04.01.2021 10:45;28;BESS;0.24889046511419113;None;0.0;0.0;0.0;0.0;0.0;0.0;0.0
04.01.2021 10:45;13;inflexible;None;None;0.4153;0.3182;0.661;0.0214;0.0444;0.025;0.1038
04.01.2021 11:00;21;inflexible;None;None;-0.4428;-0.0;-0.0;-0.0;-0.0;-0.0;-0.0
04.01.2021 11:00;28;BESS;0.24888709255267089;None;0.0;0.0;0.0;0.0;0.0;0.0;0.0
04.01.2021 11:00;13;inflexible;None;None;0.4428;0.2207;1.0784;0.0022;0.0108;0.0173;0.1693
04.01.2021 11:15;21;inflexible;None;None;-0.4702;-0.0;-0.0;-0.0;-0.0;-0.0;-0.0
04.01.2021 11:15;28;BESS;0.24888372003685014;None;0.0;0.0;0.0;0.0;0.0;0.0;0.0
04.01.2021 11:15;13;inflexible;None;None;0.4702;0.1103;0.7281;0.0011;0.0073;0.0087;0.1143
04.01.2021 11:30;21;inflexible;None;None;-0.6065;-0.0;-0.0;-0.0;-0.0;-0.0;-0.0
04.01.2021 11:30;28;BESS;0.24888034756672828;None;0.0;0.0;0.0;0.0;0.0;0.0;0.0
04.01.2021 11:30;13;inflexible;None;None;0.6065;0.0469;0.5067;0.0005;0.0051;0.0037;0.0796
04.01.2021 11:45;21;inflexible;None;None;-0.9839;-0.0;-0.0;-0.0;-0.0;-0.0;-0.0
04.01.2021 11:45;28;BESS;0.2488769751423047;None;0.0;0.0;0.0;0.0;0.0;0.0;0.0
04.01.2021 11:45;13;inflexible;None;None;0.9839;0.0163;0.1755;0.0002;0.0018;0.0013;0.0276
04.01.2021 12:00;21;inflexible;None;None;-1.1914;-0.1786;-0.0;-0.0127;-0.0;0.0;-0.0
04.01.2021 12:00;28;BESS;0.24887360276357876;None;0.0;0.0;0.0;0.0;0.0;0.0;0.0
04.01.2021 12:00;13;inflexible;None;None;1.1914;0.0;0.0;0.0;0.0;0.0;0.0
04.01.2021 12:15;21;inflexible;None;None;-1.2342;-0.0523;-0.0;-0.0037;-0.0;0.0;0.0
04.01.2021 12:15;28;BESS;0.24887023043054984;None;0.0;0.0;0.0;0.0;0.0;0.0;0.0
04.01.2021 12:15;13;inflexible;None;None;1.2342;0.0;0.0;0.0;0.0;0.0;0.0
04.01.2021 12:30;21;inflexible;None;None;-1.2587;-0.0;-0.0;-0.0;-0.0;-0.0;-0.0
04.01.2021 12:30;28;BESS;0.24886685814321735;None;0.0;0.0;0.0;0.0;0.0;0.0;0.0
04.01.2021 12:30;13;inflexible;None;None;1.2587;0.0365;0.2671;0.0026;0.019;0.0029;0.0419
04.01.2021 12:45;21;inflexible;None;None;-1.1483;-0.0;-0.0;-0.0;-0.0;-0.0;-0.0
04.01.2021 12:45;28;BESS;0.24886348590158064;None;0.0;0.0;0.0;0.0;0.0;0.0;0.0
04.01.2021 12:45;13;inflexible;None;None;1.1483;0.0991;1.6235;0.0071;0.1157;0.0078;0.2549
04.01.2021 13:00;21;inflexible;None;None;-1.1867;-0.0;-0.0;-0.0;-0.0;-0.0;-0.0
04.01.2021 13:00;28;BESS;0.2488601137056391;None;0.0;0.0;0.0;0.0;0.0;0.0;0.0
04.01.2021 13:00;13;inflexible;None;None;1.1867;0.0557;0.8082;0.0039;0.0568;0.0044;0.1269
04.01.2021 13:15;21;inflexible;None;None;-1.0817;-0.0;-0.0;-0.0;-0.0;-0.0;-0.0
04.01.2021 13:15;28;BESS;0.2488567415553921;None;0.0;0.0;0.0;0.0;0.0;0.0;0.0
04.01.2021 13:15;13;inflexible;None;None;1.0817;0.0358;0.4604;0.0025;0.0324;0.0028;0.0723
04.01.2021 13:30;21;inflexible;None;None;-0.8174;-0.0;-0.0;-0.0;-0.0;-0.0;-0.0
04.01.2021 13:30;28;BESS;0.24885336945083905;None;0.0;0.0;0.0;0.0;0.0;0.0;0.0
04.01.2021 13:30;13;inflexible;None;None;0.8174;0.0053;0.4739;0.0004;0.0333;0.0004;0.0744
04.01.2021 13:45;21;inflexible;None;None;-0.5763;-0.0;-0.0;-0.0;-0.0;-0.0;-0.0
04.01.2021 13:45;28;BESS;0.2488499973919793;None;0.0;0.0;0.0;0.0;0.0;0.0;0.0
04.01.2021 13:45;13;inflexible;None;None;0.5763;0.0349;1.3144;0.0025;0.0924;0.0027;0.2064
04.01.2021 14:00;21;inflexible;None;None;-0.3295;-0.0;-0.0;-0.0;-0.0;-0.0;-0.0
04.01.2021 14:00;28;BESS;0.24884662537881225;None;0.0;0.0;0.0;0.0;0.0;0.0;0.0
04.01.2021 14:00;13;inflexible;None;None;0.3295;0.0126;2.0639;0.0009;0.1446;0.001;0.324
04.01.2021 14:15;21;inflexible;None;None;-0.7017;-0.0;-0.0;-0.0;-0.0;-0.0;-0.0
04.01.2021 14:15;28;BESS;0.24884325341133728;None;0.0;0.0;0.0;0.0;0.0;0.0;0.0
04.01.2021 14:15;13;inflexible;None;None;0.7017;0.0068;0.4397;0.0005;0.0308;0.0005;0.069
04.01.2021 14:30;21;inflexible;None;None;-0.8827;-0.3794;-0.0;-0.0266;-0.0;0.0;-0.0
04.01.2021 14:30;28;BESS;0.24883988148955377;None;0.0;0.0;0.0;0.0;0.0;0.0;0.0
04.01.2021 14:30;13;inflexible;None;None;0.8827;0.0;0.0;0.0;0.0;0.0;0.0
04.01.2021 14:45;21;inflexible;None;None;-1.1126;-0.0;-0.0;-0.0;-0.0;-0.0;-0.0
04.01.2021 14:45;28;BESS;0.2488365096134611;None;0.0;0.0;0.0;0.0;0.0;0.0;0.0
04.01.2021 14:45;13;inflexible;None;None;1.1126;0.0357;0.5976;0.0025;0.0419;0.0028;0.0938
04.01.2021 15:00;21;inflexible;None;None;-0.6134;-0.0;-0.0;-0.0;-0.0;-0.0;-0.0
04.01.2021 15:00;28;BESS;0.24883313778305863;None;0.0;0.0;0.0;0.0;0.0;0.0;0.0
04.01.2021 15:00;13;inflexible;None;None;0.6134;0.0247;1.4829;0.0017;0.103;0.0019;0.2328
04.01.2021 15:15;21;inflexible;None;None;-0.2233;-0.0;-0.0;-0.0;-0.0;-0.0;-0.0
04.01.2021 15:15;28;BESS;0.24882976599834578;None;0.0;0.0;0.0;0.0;0.0;0.0;0.0
04.01.2021 15:15;13;inflexible;None;None;0.2233;-0.0;0.8625;-0.0;0.0599;-0.0;0.1354
04.01.2021 15:30;21;inflexible;None;None;0.0;0.0;0.0;0.0;0.0;0.0;0.0
04.01.2021 15:30;28;BESS;0.2488263942593219;None;0.0;0.0;0.0;0.0;0.0;0.0;0.0
04.01.2021 15:30;13;inflexible;None;None;0.0;-0.0;0.9727;-0.0;0.0676;-0.0;0.1527
04.01.2021 15:45;21;inflexible;None;None;0.0;0.0;0.0;0.0;0.0;0.0;0.0
04.01.2021 15:45;28;BESS;0.24882302256598637;None;0.0;0.0;0.0;0.0;0.0;0.0;0.0
04.01.2021 15:45;13;inflexible;None;None;0.0;-0.0;0.7811;-0.0;0.0543;-0.0;0.1226
04.01.2021 16:00;21;inflexible;None;None;0.0;0.0;0.0;0.0;0.0;0.0;0.0
04.01.2021 16:00;28;BESS;0.2488196509183386;None;0.0;0.0;0.0;0.0;0.0;0.0;0.0
04.01.2021 16:00;13;inflexible;None;None;0.0;-0.0;1.0155;-0.0;0.0731;-0.0;0.1594
04.01.2021 16:15;21;inflexible;None;None;0.0;0.0;0.0;0.0;0.0;0.0;0.0
04.01.2021 16:15;28;BESS;0.24881627931637795;None;0.0;0.0;0.0;0.0;0.0;0.0;0.0
04.01.2021 16:15;13;inflexible;None;None;0.0;-0.0;0.8711;-0.0;0.0627;-0.0;0.1368
04.01.2021 16:30;21;inflexible;None;None;0.0;0.0;0.0;0.0;0.0;0.0;0.0
04.01.2021 16:30;28;BESS;0.24881290776010379;None;0.0;0.0;0.0;0.0;0.0;0.0;0.0
04.01.2021 16:30;13;inflexible;None;None;0.0;-0.0;1.3554;-0.0;0.0976;-0.0;0.2128
04.01.2021 16:45;21;inflexible;None;None;0.0;0.0;0.0;0.0;0.0;0.0;0.0
04.01.2021 16:45;28;BESS;0.24880953624951552;None;0.0;0.0;0.0;0.0;0.0;0.0;0.0
04.01.2021 16:45;13;inflexible;None;None;0.0;-0.0;1.6013;-0.0;0.1153;-0.0;0.2514
04.01.2021 17:00;21;inflexible;None;None;0.0;0.0;0.0;0.0;0.0;0.0;0.0
04.01.2021 17:00;28;BESS;0.2488061647846125;None;0.0;0.0;0.0;0.0;0.0;0.0;0.0
04.01.2021 17:00;13;inflexible;None;None;0.0;-0.0;1.8357;-0.0;0.141;-0.0;0.2882
04.01.2021 17:15;21;inflexible;None;None;0.0;0.0;0.0;0.0;0.0;0.0;0.0
04.01.2021 17:15;28;BESS;0.24880279336539415;None;0.0;0.0;0.0;0.0;0.0;0.0;0.0
04.01.2021 17:15;13;inflexible;None;None;0.0;-0.0;1.7419;-0.0;0.1338;-0.0;0.2735
04.01.2021 17:30;21;inflexible;None;None;0.0;0.0;0.0;0.0;0.0;0.0;0.0
04.01.2021 17:30;28;BESS;0.2487994219918598;None;0.0;0.0;0.0;0.0;0.0;0.0;0.0
04.01.2021 17:30;13;inflexible;None;None;0.0;-0.0;1.6991;-0.0;0.1305;-0.0;0.2668
04.01.2021 17:45;21;inflexible;None;None;0.0;0.0;0.0;0.0;0.0;0.0;0.0
04.01.2021 17:45;28;BESS;0.2487960506640089;None;0.0;0.0;0.0;0.0;0.0;0.0;0.0
04.01.2021 17:45;13;inflexible;None;None;0.0;-0.0;2.1716;-0.0;0.1668;-0.0;0.3409
04.01.2021 18:00;21;inflexible;None;None;0.0;0.0;0.0;0.0;0.0;0.0;0.0
04.01.2021 18:00;28;BESS;0.24879267938184074;None;0.0;0.0;0.0;0.0;0.0;0.0;0.0
04.01.2021 18:00;13;inflexible;None;None;0.0;-0.0;2.1559;-0.0;0.1552;-0.0;0.3385
04.01.2021 18:15;21;inflexible;None;None;0.0;0.0;0.0;0.0;0.0;0.0;0.0
04.01.2021 18:15;28;BESS;0.24878930814535477;None;0.0;0.0;0.0;0.0;0.0;0.0;0.0
04.01.2021 18:15;13;inflexible;None;None;0.0;-0.0;2.2262;-0.0;0.1602;-0.0;0.3495
04.01.2021 18:30;21;inflexible;None;None;0.0;0.0;0.0;0.0;0.0;0.0;0.0
04.01.2021 18:30;28;BESS;0.24878593695455034;None;0.0;0.0;0.0;0.0;0.0;0.0;0.0
04.01.2021 18:30;13;inflexible;None;None;0.0;-0.0;2.1913;-0.0;0.1577;-0.0;0.344
04.01.2021 18:45;21;inflexible;None;None;0.0;0.0;0.0;0.0;0.0;0.0;0.0
04.01.2021 18:45;28;BESS;0.24878256580942684;None;0.0;0.0;0.0;0.0;0.0;0.0;0.0
04.01.2021 18:45;13;inflexible;None;None;0.0;-0.0;2.1288;-0.0;0.1532;-0.0;0.3342
04.01.2021 19:00;21;inflexible;None;None;0.0;0.0;0.0;0.0;0.0;0.0;0.0
04.01.2021 19:00;28;BESS;0.24877919470998366;None;0.0;0.0;0.0;0.0;0.0;0.0;0.0
04.01.2021 19:00;13;inflexible;None;None;0.0;-0.0;1.9919;-0.0;0.1296;-0.0;0.3127
04.01.2021 19:15;21;inflexible;None;None;0.0;0.0;0.0;0.0;0.0;0.0;0.0
04.01.2021 19:15;28;BESS;0.2487758236562202;None;0.0;0.0;0.0;0.0;0.0;0.0;0.0
04.01.2021 19:15;13;inflexible;None;None;0.0;-0.0;1.9528;-0.0;0.1271;-0.0;0.3066
04.01.2021 19:30;21;inflexible;None;None;0.0;0.0;0.0;0.0;0.0;0.0;0.0
04.01.2021 19:30;28;BESS;0.2487724526481358;None;0.0;0.0;0.0;0.0;0.0;0.0;0.0
04.01.2021 19:30;13;inflexible;None;None;0.0;-0.0;2.1131;-0.0;0.1375;-0.0;0.3318
04.01.2021 19:45;21;inflexible;None;None;0.0;0.0;0.0;0.0;0.0;0.0;0.0
04.01.2021 19:45;28;BESS;0.24876908168572986;None;0.0;0.0;0.0;0.0;0.0;0.0;0.0
04.01.2021 19:45;13;inflexible;None;None;0.0;-0.0;2.0778;-0.0;0.1352;-0.0;0.3262
04.01.2021 20:00;21;inflexible;None;None;0.0;0.0;0.0;0.0;0.0;0.0;0.0
04.01.2021 20:00;28;BESS;0.24876571076900175;None;0.0;0.0;0.0;0.0;0.0;0.0;0.0
04.01.2021 20:00;13;inflexible;None;None;0.0;-0.0;2.035;-0.0;0.1167;-0.0;0.3195
04.01.2021 20:15;21;inflexible;None;None;0.0;0.0;0.0;0.0;0.0;0.0;0.0
04.01.2021 20:15;28;BESS;0.24876233989795085;None;0.0;0.0;0.0;0.0;0.0;0.0;0.0
04.01.2021 20:15;13;inflexible;None;None;0.0;-0.0;2.0663;-0.0;0.1185;-0.0;0.3244
04.01.2021 20:30;21;inflexible;None;None;0.0;0.0;0.0;0.0;0.0;0.0;0.0
04.01.2021 20:30;28;BESS;0.24875896907257655;None;0.0;0.0;0.0;0.0;0.0;0.0;0.0
04.01.2021 20:30;13;inflexible;None;None;0.0;-0.0;2.0935;-0.0;0.12;-0.0;0.3287
04.01.2021 20:45;21;inflexible;None;None;0.0;0.0;0.0;0.0;0.0;0.0;0.0
04.01.2021 20:45;28;BESS;0.24875559829287824;None;0.0;0.0;0.0;0.0;0.0;0.0;0.0
04.01.2021 20:45;13;inflexible;None;None;0.0;-0.0;1.5976;-0.0;0.0916;-0.0;0.2508
04.01.2021 21:00;21;inflexible;None;None;0.0;0.0;0.0;0.0;0.0;0.0;0.0
04.01.2021 21:00;28;BESS;0.2487522275588553;None;0.0;0.0;0.0;0.0;0.0;0.0;0.0
04.01.2021 21:00;13;inflexible;None;None;0.0;-0.0;1.4139;-0.0;0.0787;-0.0;0.222
04.01.2021 21:15;21;inflexible;None;None;0.0;0.0;0.0;0.0;0.0;0.0;0.0
04.01.2021 21:15;28;BESS;0.24874885687050707;None;0.0;0.0;0.0;0.0;0.0;0.0;0.0
04.01.2021 21:15;13;inflexible;None;None;0.0;-0.0;1.3789;-0.0;0.0767;-0.0;0.2165
04.01.2021 21:30;21;inflexible;None;None;0.0;0.0;0.0;0.0;0.0;0.0;0.0
04.01.2021 21:30;28;BESS;0.248745486227833;None;0.0;0.0;0.0;0.0;0.0;0.0;0.0
04.01.2021 21:30;13;inflexible;None;None;0.0;-0.0;1.5545;-0.0;0.0865;-0.0;0.2441
04.01.2021 21:45;21;inflexible;None;None;0.0;0.0;0.0;0.0;0.0;0.0;0.0
04.01.2021 21:45;28;BESS;0.2487421156308324;None;0.0;0.0;0.0;0.0;0.0;0.0;0.0
04.01.2021 21:45;13;inflexible;None;None;0.0;-0.0;1.3476;-0.0;0.075;-0.0;0.2116
04.01.2021 22:00;21;inflexible;None;None;0.0;0.0;0.0;0.0;0.0;0.0;0.0
04.01.2021 22:00;28;BESS;0.2487387450795047;None;0.0;0.0;0.0;0.0;0.0;0.0;0.0
04.01.2021 22:00;13;inflexible;None;None;0.0;-0.0;1.3711;-0.0;0.0808;-0.0;0.2153
04.01.2021 22:15;21;inflexible;None;None;0.0;0.0;0.0;0.0;0.0;0.0;0.0
04.01.2021 22:15;28;BESS;0.24873537457384925;None;0.0;0.0;0.0;0.0;0.0;0.0;0.0
04.01.2021 22:15;13;inflexible;None;None;0.0;-0.0;1.0664;-0.0;0.0628;-0.0;0.1674
04.01.2021 22:30;21;inflexible;None;None;0.0;0.0;0.0;0.0;0.0;0.0;0.0
04.01.2021 22:30;28;BESS;0.24873200411386548;None;0.0;0.0;0.0;0.0;0.0;0.0;0.0
04.01.2021 22:30;13;inflexible;None;None;0.0;-0.0;1.1561;-0.0;0.0681;-0.0;0.1815
04.01.2021 22:45;21;inflexible;None;None;0.0;0.0;0.0;0.0;0.0;0.0;0.0
04.01.2021 22:45;28;BESS;0.24872863369955273;None;0.0;0.0;0.0;0.0;0.0;0.0;0.0
04.01.2021 22:45;13;inflexible;None;None;0.0;-0.0;0.9492;-0.0;0.0559;-0.0;0.149
04.01.2021 23:00;21;inflexible;None;None;0.0;0.0;0.0;0.0;0.0;0.0;0.0
04.01.2021 23:00;28;BESS;0.24872526333091038;None;0.0;0.0;0.0;0.0;0.0;0.0;0.0
04.01.2021 23:00;13;inflexible;None;None;0.0;-0.0;0.9217;-0.0;0.0504;-0.0;0.1447
04.01.2021 23:15;21;inflexible;None;None;0.0;0.0;0.0;0.0;0.0;0.0;0.0
04.01.2021 23:15;28;BESS;0.24872189300793784;None;0.0;0.0;0.0;0.0;0.0;0.0;0.0
04.01.2021 23:15;13;inflexible;None;None;0.0;-0.0;0.8711;-0.0;0.0476;-0.0;0.1368
04.01.2021 23:30;21;inflexible;None;None;0.0;0.0;0.0;0.0;0.0;0.0;0.0
04.01.2021 23:30;28;BESS;0.24871852273063447;None;0.0;0.0;0.0;0.0;0.0;0.0;0.0
04.01.2021 23:30;13;inflexible;None;None;0.0;-0.0;0.8164;-0.0;0.0446;-0.0;0.1282
04.01.2021 23:45;21;inflexible;None;None;0.0;0.0;0.0;0.0;0.0;0.0;0.0
04.01.2021 23:45;28;BESS;0.24871515249899964;None;0.0;0.0;0.0;0.0;0.0;0.0;0.0
04.01.2021 23:45;13;inflexible;None;None;0.0;-0.0;0.8164;-0.0;0.0446;-0.0;0.1282
05.01.2021 00:00;21;inflexible;None;None;0.0;0.0;0.0;0.0;0.0;0.0;0.0
05.01.2021 00:00;28;BESS;0.24871178231303276;None;0.0;0.0;0.0;0.0;0.0;0.0;0.0
05.01.2021 00:00;13;inflexible;None;None;0.0;-0.0;0.7265;-0.0;0.0345;-0.0;0.1141
05.01.2021 00:15;21;inflexible;None;None;0.0;0.0;0.0;0.0;0.0;0.0;0.0
05.01.2021 00:15;28;BESS;0.24870841217273318;None;0.0;0.0;0.0;0.0;0.0;0.0;0.0
05.01.2021 00:15;13;inflexible;None;None;0.0;-0.0;0.7618;-0.0;0.0362;-0.0;0.1196
05.01.2021 00:30;21;inflexible;None;None;0.0;0.0;0.0;0.0;0.0;0.0;0.0
05.01.2021 00:30;28;BESS;0.2487050420781003;None;0.0;0.0;0.0;0.0;0.0;0.0;0.0
05.01.2021 00:30;13;inflexible;None;None;0.0;-0.0;0.7227;-0.0;0.0344;-0.0;0.1135
05.01.2021 00:45;21;inflexible;None;None;0.0;0.0;0.0;0.0;0.0;0.0;0.0
05.01.2021 00:45;28;BESS;0.24870167202913349;None;0.0;0.0;0.0;0.0;0.0;0.0;0.0
05.01.2021 00:45;13;inflexible;None;None;0.0;-0.0;0.8399;-0.0;0.0399;-0.0;0.1319
05.01.2021 01:00;21;inflexible;None;None;0.0;0.0;0.0;0.0;0.0;0.0;0.0
05.01.2021 01:00;28;BESS;0.24869830202583215;None;0.0;0.0;0.0;0.0;0.0;0.0;0.0
05.01.2021 01:00;13;inflexible;None;None;0.0;-0.0;0.7577;-0.0;0.0379;-0.0;0.119
05.01.2021 01:15;21;inflexible;None;None;0.0;0.0;0.0;0.0;0.0;0.0;0.0
05.01.2021 01:15;28;BESS;0.24869493206819565;None;0.0;0.0;0.0;0.0;0.0;0.0;0.0
05.01.2021 01:15;13;inflexible;None;None;0.0;-0.0;0.8164;-0.0;0.0409;-0.0;0.1282
05.01.2021 01:30;21;inflexible;None;None;0.0;0.0;0.0;0.0;0.0;0.0;0.0
05.01.2021 01:30;28;BESS;0.24869156215622337;None;0.0;0.0;0.0;0.0;0.0;0.0;0.0
05.01.2021 01:30;13;inflexible;None;None;0.0;-0.0;0.7108;-0.0;0.0356;-0.0;0.1116
05.01.2021 01:45;21;inflexible;None;None;0.0;0.0;0.0;0.0;0.0;0.0;0.0
05.01.2021 01:45;28;BESS;0.2486881922899147;None;0.0;0.0;0.0;0.0;0.0;0.0;0.0
05.01.2021 01:45;13;inflexible;None;None;0.0;-0.0;0.8164;-0.0;0.0409;-0.0;0.1282
05.01.2021 02:00;21;inflexible;None;None;0.0;0.0;0.0;0.0;0.0;0.0;0.0
05.01.2021 02:00;28;BESS;0.248684822469269;None;0.0;0.0;0.0;0.0;0.0;0.0;0.0
05.01.2021 02:00;13;inflexible;None;None;0.0;-0.0;0.7696;-0.0;0.0383;-0.0;0.1208
05.01.2021 02:15;21;inflexible;None;None;0.0;0.0;0.0;0.0;0.0;0.0;0.0
05.01.2021 02:15;28;BESS;0.24868145269428568;None;0.0;0.0;0.0;0.0;0.0;0.0;0.0
05.01.2021 02:15;13;inflexible;None;None;0.0;-0.0;0.7187;-0.0;0.0358;-0.0;0.1128
05.01.2021 02:30;21;inflexible;None;None;0.0;0.0;0.0;0.0;0.0;0.0;0.0
05.01.2021 02:30;28;BESS;0.2486780829649641;None;0.0;0.0;0.0;0.0;0.0;0.0;0.0
05.01.2021 02:30;13;inflexible;None;None;0.0;-0.0;0.828;-0.0;0.0412;-0.0;0.13
05.01.2021 02:45;21;inflexible;None;None;0.0;0.0;0.0;0.0;0.0;0.0;0.0
05.01.2021 02:45;28;BESS;0.24867471328130367;None;0.0;0.0;0.0;0.0;0.0;0.0;0.0
05.01.2021 02:45;13;inflexible;None;None;0.0;-0.0;0.8243;-0.0;0.0411;-0.0;0.1294
05.01.2021 03:00;21;inflexible;None;None;0.0;0.0;0.0;0.0;0.0;0.0;0.0
05.01.2021 03:00;28;BESS;0.24867134364330373;None;0.0;0.0;0.0;0.0;0.0;0.0;0.0
05.01.2021 03:00;13;inflexible;None;None;0.0;-0.0;0.793;-0.0;0.0394;-0.0;0.1245
05.01.2021 03:15;21;inflexible;None;None;0.0;0.0;0.0;0.0;0.0;0.0;0.0
05.01.2021 03:15;28;BESS;0.2486679740509637;None;0.0;0.0;0.0;0.0;0.0;0.0;0.0
05.01.2021 03:15;13;inflexible;None;None;0.0;-0.0;0.7499;-0.0;0.0372;-0.0;0.1177
05.01.2021 03:30;21;inflexible;None;None;0.0;0.0;0.0;0.0;0.0;0.0;0.0
05.01.2021 03:30;28;BESS;0.2486646045042829;None;0.0;0.0;0.0;0.0;0.0;0.0;0.0
05.01.2021 03:30;13;inflexible;None;None;0.0;-0.0;0.789;-0.0;0.0392;-0.0;0.1239
05.01.2021 03:45;21;inflexible;None;None;0.0;0.0;0.0;0.0;0.0;0.0;0.0
05.01.2021 03:45;28;BESS;0.2486612350032608;None;0.0;0.0;0.0;0.0;0.0;0.0;0.0
05.01.2021 03:45;13;inflexible;None;None;0.0;-0.0;0.6993;-0.0;0.0347;-0.0;0.1098
05.01.2021 04:00;21;inflexible;None;None;0.0;0.0;0.0;0.0;0.0;0.0;0.0
05.01.2021 04:00;28;BESS;0.2486578655478967;None;0.0;0.0;0.0;0.0;0.0;0.0;0.0
05.01.2021 04:00;13;inflexible;None;None;0.0;-0.0;0.8046;-0.0;0.0404;-0.0;0.1263
05.01.2021 04:15;21;inflexible;None;None;0.0;0.0;0.0;0.0;0.0;0.0;0.0
05.01.2021 04:15;28;BESS;0.24865449613819005;None;0.0;0.0;0.0;0.0;0.0;0.0;0.0
05.01.2021 04:15;13;inflexible;None;None;0.0;-0.0;0.789;-0.0;0.0396;-0.0;0.1239
05.01.2021 04:30;21;inflexible;None;None;0.0;0.0;0.0;0.0;0.0;0.0;0.0
05.01.2021 04:30;28;BESS;0.24865112677414017;None;0.0;0.0;0.0;0.0;0.0;0.0;0.0
05.01.2021 04:30;13;inflexible;None;None;0.0;-0.0;0.7461;-0.0;0.0375;-0.0;0.1171
05.01.2021 04:45;21;inflexible;None;None;0.0;0.0;0.0;0.0;0.0;0.0;0.0
05.01.2021 04:45;28;BESS;0.24864775745574647;None;0.0;0.0;0.0;0.0;0.0;0.0;0.0
05.01.2021 04:45;13;inflexible;None;None;0.0;-0.0;0.6133;-0.0;0.0308;-0.0;0.0963
05.01.2021 05:00;21;inflexible;None;None;0.0;0.0;0.0;0.0;0.0;0.0;0.0
05.01.2021 05:00;28;BESS;0.24864438818300832;None;0.0;0.0;0.0;0.0;0.0;0.0;0.0
05.01.2021 05:00;13;inflexible;None;None;0.0;-0.0;0.7618;-0.0;0.0413;-0.0;0.1196
05.01.2021 05:15;21;inflexible;None;None;0.0;0.0;0.0;0.0;0.0;0.0;0.0
05.01.2021 05:15;28;BESS;0.24864101895592514;None;0.0;0.0;0.0;0.0;0.0;0.0;0.0
05.01.2021 05:15;13;inflexible;None;None;0.0;-0.0;0.8243;-0.0;0.0447;-0.0;0.1294
